name,headline,current_title,current_company,skills,location,years_experience,currently_open_to_work,github_handle,profile_url,certifications,open_source_contributor,volunteer_experience,education_level
Candidate-0001,Ahead trouble listen next. Former big almost recognize. We fish get.,Database Engineer,"Matthews, Perez and Miller",aws;c#;django;flask;mysql;redis;spring;sql,"Tylerland, Guinea",5.0,,github.com/wholt,linkedin.com/in/kcarter,,,,BSc
Candidate-0002,"SQL Developer specializing in writing optimized SQL queries and database management. Skilled in database design, normalization, and performance tuning.",Sql Developer,"Crawford, Maynard and Henry",angular;aws;java;mysql;ruby;sql;vue,"Sheilatown, Bermuda",2.0,,github.com/qrodriguez,linkedin.com/in/jilljohnson,,,,BSc
Candidate-0003,Technical Architect with a focus on designing complex software systems and defining technical requirements. Skilled in cloud architecture and system integration.,Technical Architect,"Garcia, Harmon and Cox",azure;c#;java;mongodb;python;redis;vue,"Joseland, Mali",6.0,,github.com/nelsonlynn,linkedin.com/in/emedina,,,,BSc
Candidate-0004,"Site Reliability Engineer with expertise in maintaining high-availability systems and automating infrastructure. Skilled in Docker, Kubernetes, and cloud services.",Site Reliability Engineer,Lee-Cardenas,angular;aws;django;mongodb;python,"South Brian, Montenegro",3.0,,github.com/maddenbarbara,linkedin.com/in/lisa60,,,,MSc
Candidate-0005,"Full-Stack Developer proficient in both front-end and back-end development. Skilled in React and Django, creating complete web applications.",Full Stack Developer,Gill PLC,aws;java;javascript;mysql;postgresql;react;spring;vue,"Kevinmouth, Guam",3.0,,github.com/trivera,linkedin.com/in/kimberlysanchez,,,,MSc
Candidate-0006,Last thus rate course child. Voice agree nice new know animal pay.,Vue Developer,Chambers Inc,aws;django;mongodb;node.js;python;vue,"Martinport, Brunei Darussalam",4.0,,github.com/gpatel,linkedin.com/in/coryhunt,,,,MSc
Candidate-0007,"Experienced Python Developer with a strong background in building scalable web applications and data pipelines. Proficient in Django, Flask, and RESTful API design.",Python Developer,Smith-Smith,aws;flask;go;mongodb;python;redis,"Jonesville, Latvia",6.0,,github.com/kylereed,linkedin.com/in/marcusmckay,,,,BSc
Candidate-0008,"Full-Stack Developer proficient in both front-end and back-end development. Skilled in React and Django, creating complete web applications.",Full Stack Developer,Williams PLC,c#;google cloud;java;javascript;oracle;postgresql;react;spring,"Yvonneport, Montserrat",3.0,,github.com/thompsonlisa,linkedin.com/in/matthew92,,,,BSc
Candidate-0009,"Platform Engineer with expertise in designing and maintaining scalable platforms for web applications. Skilled in Docker, Kubernetes, and cloud infrastructure.",Platform Engineer,Jones-Ellis,angular;aws;java;mysql;node.js;postgresql;python;spring,"Mullinsborough, Niger",5.0,,github.com/mperry,linkedin.com/in/moorescott,,,,MSc
Candidate-0010,Product certainly order few store color figure. Man him very trade shoulder fast and. East station tree see. Low happen either method. Teacher try those between.,Database Engineer,"Owens, Rogers and Lucas",angular;go;google cloud;node.js;redis;sql,"Sanchezburgh, Kuwait",5.0,,github.com/newmantammy,linkedin.com/in/lhughes,,,,MSc
Candidate-0011,"Penetration Tester with experience in ethical hacking, vulnerability assessments, and security audits. Skilled in network security and penetration testing tools.",Penetration Tester,"Perez, Bennett and Douglas",angular;azure;c++;django;postgresql;python;react,"Jenniferhaven, Japan",4.0,,github.com/smithtammie,linkedin.com/in/ramosheather,,,,BSc
Candidate-0012,"Dedicated Security Engineer with a strong background in cybersecurity, risk assessment, and incident response. Skilled in penetration testing and security audits.",Security Engineer,Patterson Ltd,google cloud;java;mysql;python;react;redis;ruby,"South Cynthiahaven, Brunei Darussalam",4.0,,github.com/mark03,linkedin.com/in/phoward,,,,BSc
Candidate-0013,Technical Architect with a focus on designing complex software systems and defining technical requirements. Skilled in cloud architecture and system integration.,Technical Architect,Mckinney Group,django;google cloud;javascript;mongodb;oracle;python,"Davidside, Timor-Leste",3.0,,github.com/gary93,linkedin.com/in/josebrown,,,,BSc
Candidate-0014,"Creative Mobile Developer specializing in iOS and Android app development. Proficient in Swift, Java, and React Native, with a focus on user-centric design principles.",Mobile Developer,"Davidson, Mejia and Jackson",azure;django;flask;java;javascript;node.js;oracle;python,"Wardberg, New Caledonia",3.0,,github.com/angel07,linkedin.com/in/simpsoncharles,,,,BSc
Candidate-0015,Others election between. Life themselves turn series large point. Analysis response moment interest than level. News ahead skill sister.,React Developer,Torres LLC,angular;google cloud;java;mongodb;node.js;react,"Karenside, Cambodia",6.0,,github.com/thomasangela,linkedin.com/in/bryanblack,,,,BSc
Candidate-0016,Man impact fall effect none live hotel walk. Happy reduce first security whether. Strong message speak appear hand degree blue.,React Developer,Brown Inc,angular;azure;node.js;python;react;redis;ruby;spring,"Williamton, Thailand",5.0,,github.com/gjones,linkedin.com/in/roblesmichael,,,,BSc
Candidate-0017,"Platform Engineer with expertise in designing and maintaining scalable platforms for web applications. Skilled in Docker, Kubernetes, and cloud infrastructure.",Platform Engineer,Mejia-Thomas,aws;django;go;node.js;oracle;python;redis;ruby,"Pittmanton, Cayman Islands",4.0,,github.com/brooksjennifer,linkedin.com/in/michaelmoore,,,,MSc
Candidate-0018,Embedded Systems Engineer with experience in designing and developing embedded solutions for IoT devices and microcontrollers.,Embedded Systems Engineer,Bowen-Robertson,angular;azure;c;django;go;java;mongodb;postgresql;python,"West Jamesmouth, Belize",6.0,,github.com/cwright,linkedin.com/in/huntjesse,,,,MSc
Candidate-0019,,Java Developer,Xoriant Solutions Pvt Ltd,c;c++;ext js;java;jsp;ms-access;ms-excel;ms-sql;oracle;pl/sql;sql,"Gondia, India",9.0,,,,,,,B.E.
Candidate-0020,Detail-oriented Java Developer specializing in backend systems and microservices architecture. Skilled in Spring Boot and designing robust enterprise solutions.,Java Developer,Long-Carey,angular;aws;go;java;javascript;mysql;oracle;react;ruby,"Thomasport, Papua New Guinea",4.0,,github.com/leroybyrd,linkedin.com/in/ericksonronald,,,,BSc
Candidate-0021,"Backend Developer specializing in building scalable and efficient server-side applications. Skilled in Python, Django, and RESTful API design.",Backend Developer,Brandt-Cross,aws;c++;flask;mongodb;oracle;python;react;ruby,"Port Robert, Swaziland",6.0,,github.com/nsmith,linkedin.com/in/wtorres,,,,MSc
Candidate-0022,"Flutter Developer specializing in mobile app development and user experience design. Skilled in Dart, Flutter SDK, and cross-platform development.",Flutter Developer,Lee-Schmidt,angular;azure;dart;django;go;mongodb;mysql;node.js;python;ruby,"Tiffanyshire, Italy",5.0,,github.com/xgonzalez,linkedin.com/in/georgelane,,,,BSc
Candidate-0023,"Passionate Deep Learning Engineer with expertise in neural network design, training, and optimization. Skilled in TensorFlow, PyTorch, and computer vision.",Deep Learning Engineer,Hanna-Patel,google cloud;mongodb;python;redis;ruby;vue,"Brianport, British Indian Ocean Territory (Chagos Archipelago)",3.0,,github.com/brandonjohnson,linkedin.com/in/nancycarson,,,,MSc
Candidate-0024,"Dedicated Security Engineer with a strong background in cybersecurity, risk assessment, and incident response. Skilled in penetration testing and security audits.",Security Engineer,Adams-English,azure;c#;c++;flask;mongodb;oracle;python,"East Jamesberg, Jamaica",3.0,,github.com/griffithstephen,linkedin.com/in/schmidtcheyenne,,,,MSc
Candidate-0025,"Computer Vision Engineer specializing in image processing, object detection, and video analytics. Experienced in OpenCV, TensorFlow, and deep learning models.",Computer Vision Engineer,"Price, Williams and Solis",c#;c++;django;google cloud;mongodb;oracle;python;react;spring,"Port Rubenland, Tunisia",6.0,,github.com/leslie84,linkedin.com/in/gonzaleztracy,,,,MSc
Candidate-0026,"Experienced Python Developer with a strong background in building scalable web applications and data pipelines. Proficient in Django, Flask, and RESTful API design.",Python Developer,Mccann-Webb,c#;google cloud;javascript;node.js;python;redis,"Michaelbury, Ethiopia",2.0,,github.com/chase54,linkedin.com/in/jgraham,,,,MSc
Candidate-0027,"Creative iOS Developer with a focus on building elegant and user-friendly applications for Apple devices. Proficient in Swift, Xcode, and iOS SDK.",Ios Developer,Hess-Mejia,angular;aws;java;node.js;oracle;react;swift,"East Kathyview, Australia",7.0,,github.com/traceymendoza,linkedin.com/in/jimmy62,,,,MSc
Candidate-0028,"Innovative Android Developer with a passion for mobile app development and user experience design. Skilled in Java, Kotlin, and Android Studio.",Android Developer,"Waters, Meyer and Jackson",azure;c#;django;go;java;javascript;mysql;node.js;vue,"Davidshire, Guyana",5.0,,github.com/troy25,linkedin.com/in/randyspencer,,,,BSc
Candidate-0029,,Java Web Developer,Salcluster Technologies,hibernate;java;javascript;spring;struts,"Amravati, India",,,,,,,,MCA
Candidate-0030,"AI Engineer with expertise in artificial intelligence, machine learning, and deep learning. Skilled in Python, TensorFlow, and developing AI-powered applications.",Ai Engineer,Hart LLC,c#;google cloud;node.js;oracle;python;react;redis;vue,"Lake Michaelborough, Congo",5.0,,github.com/angela11,linkedin.com/in/parsonsdavid,,,,BSc
Candidate-0031,"Passionate Deep Learning Engineer with expertise in neural network design, training, and optimization. Skilled in TensorFlow, PyTorch, and computer vision.",Deep Learning Engineer,"Patel, Smith and Armstrong",c#;google cloud;java;mysql;node.js;python;redis;vue,"Cherylburgh, Venezuela",5.0,,github.com/gonzalesjamie,linkedin.com/in/jamesmartinez,,,,BSc
Candidate-0032,"NLP Engineer with experience in natural language processing, text classification, and sentiment analysis. Skilled in Python, TensorFlow, and NLP libraries like NLTK and spaCy.",Nlp Engineer,Cummings and Sons,aws;mongodb;oracle;python;react;ruby,"Port Micheal, Gambia",3.0,,github.com/olevine,linkedin.com/in/fwalker,,,,MSc
Candidate-0033,Read decision yet deep arrive. Foreign ball personal we.,Database Engineer,Burnett and Sons,google cloud;java;javascript;mongodb;node.js;python;redis;sql,"Petersonfort, Syrian Arab Republic",4.0,,github.com/davidpugh,linkedin.com/in/adamsryan,,,,BSc
Candidate-0034,"Site Reliability Engineer with expertise in maintaining high-availability systems and automating infrastructure. Skilled in Docker, Kubernetes, and cloud services.",Site Reliability Engineer,Briggs-Mayo,aws;c++;java;node.js;postgresql;vue,"North Jonathanfort, Portugal",6.0,,github.com/joyce17,linkedin.com/in/lawrencelopez,,,,BSc
Candidate-0035,Technical Architect with a focus on designing complex software systems and defining technical requirements. Skilled in cloud architecture and system integration.,Technical Architect,"Castillo, Morrison and Obrien",angular;azure;c#;c++;flask;java;mongodb;python;vue,"Port Laura, Jamaica",4.0,,github.com/alexandra66,linkedin.com/in/james09,,,,BSc
Candidate-0036,"Creative Mobile Developer specializing in iOS and Android app development. Proficient in Swift, Java, and React Native, with a focus on user-centric design principles.",Mobile Developer,"Allen, Young and Roman",azure;c++;django;go;java;javascript;mongodb;node.js;spring,"Rodneyview, Guernsey",4.0,,github.com/rosejessica,linkedin.com/in/brownrobert,,,,BSc
Candidate-0037,"AI Engineer with expertise in artificial intelligence, machine learning, and deep learning. Skilled in Python, TensorFlow, and developing AI-powered applications.",Ai Engineer,Hall-Leach,angular;django;google cloud;javascript;mysql;postgresql;python;ruby,"New Davidview, Tuvalu",5.0,,github.com/laurie78,linkedin.com/in/kramermichael,,,,MSc
Candidate-0038,"Dedicated Security Engineer with a strong background in cybersecurity, risk assessment, and incident response. Skilled in penetration testing and security audits.",Security Engineer,"Weaver, Kim and Ryan",aws;java;mysql;node.js;postgresql;python;ruby,"North Carla, Pitcairn Islands",6.0,,github.com/caitlin97,linkedin.com/in/karmstrong,,,,BSc
Candidate-0039,"NLP Engineer with experience in natural language processing, text classification, and sentiment analysis. Skilled in Python, TensorFlow, and NLP libraries like NLTK and spaCy.",Nlp Engineer,"Ortega, Ortiz and Pearson",angular;aws;c#;django;flask;mongodb;python;redis,"Davisfurt, Cape Verde",6.0,,github.com/derek14,linkedin.com/in/wesleysmith,,,,BSc
Candidate-0040,"Experienced Python Developer with a strong background in building scalable web applications and data pipelines. Proficient in Django, Flask, and RESTful API design.",Python Developer,Garcia LLC,aws;c#;flask;java;mongodb;mysql;python;ruby;vue,"Glassstad, Egypt",2.0,,github.com/james25,linkedin.com/in/jason90,,,,BSc
Candidate-0041,"Cybersecurity Engineer with a strong background in network security, threat detection, and incident response. Skilled in penetration testing and security audits.",Cybersecurity Engineer,"Howell, Jones and Lucero",flask;go;google cloud;node.js;oracle;python;redis,"North Marciaton, Reunion",6.0,,github.com/vkoch,linkedin.com/in/cristian59,,,,BSc
Candidate-0042,Hardworking Java Developer enthusiastic about working with multicultural teams. Having 2 years of experience in working with a Payment Gateway Solutions provider with Core Java.,Java Developer,Aurus Tech Pvt. Ltd,advanced java;derby;eclipse (oxygen);java;linux (centos 6.6);mysql;oracle;putty;sonarqube;windows,,,,,,,,,Bachelor of Engineering
Candidate-0043,DevOps Engineer with software proficiency in various languages and tools.,DevOps Engineer,Parkar Consulting and Labs,aws;c;css;hibernate;html;java;javaee;javascript;jquery;mysql;pl/sql;python;spring;sql,"Pune, India",,,,,,,,B.E.
Candidate-0044,Push name executive wait. Decade interesting story how cover. Brother final building best. Effect door source investment with.,React Developer,"Watts, Martinez and Howe",aws;django;java;mongodb;react;spring,"Tracieberg, Czech Republic",3.0,,github.com/jenniferharvey,linkedin.com/in/caguilar,,,,MSc
Candidate-0045,"Data Engineer with a focus on ETL processes, data pipelines, and data warehousing. Skilled in Python, SQL, and big data technologies like Hadoop and Spark.",Data Engineer,"Hampton, Figueroa and Lopez",aws;flask;javascript;node.js;python;redis;ruby,"West Patriciamouth, Egypt",3.0,,github.com/sarajones,linkedin.com/in/floresphillip,,,,BSc
Candidate-0046,Interview boy themselves sense enter box. Local may type religious. Miss pass forward assume. Any on part voice idea cell best whole.,Software Engineer,Rios-Schultz,azure;java;mongodb;python;spring,"West Nicholasburgh, Cameroon",3.0,,github.com/kingjoseph,linkedin.com/in/pdickerson,,,,MSc
Candidate-0047,"Computer Vision Engineer specializing in image processing, object detection, and video analytics. Experienced in OpenCV, TensorFlow, and deep learning models.",Computer Vision Engineer,Melendez-Smith,angular;aws;c#;go;mongodb;mysql;python,"East Katherinemouth, Guatemala",4.0,,github.com/sheila99,linkedin.com/in/wallerkeith,,,,MSc
Candidate-0048,"Creative Mobile Developer specializing in iOS and Android app development. Proficient in Swift, Java, and React Native, with a focus on user-centric design principles.",Mobile Developer,Vaughn-Valdez,angular;aws;c++;go;java;javascript;mongodb;oracle;react,"Port Dennis, Bosnia and Herzegovina",5.0,,github.com/wrose,linkedin.com/in/suelong,,,,BSc
Candidate-0049,"NLP Engineer with experience in natural language processing, text classification, and sentiment analysis. Skilled in Python, TensorFlow, and NLP libraries like NLTK and spaCy.",Nlp Engineer,Smith and Sons,azure;javascript;oracle;python;redis;vue,"Kennethberg, Belize",3.0,,github.com/michelle63,linkedin.com/in/tapiadennis,,,,MSc
Candidate-0050,"Analytical Data Scientist with a passion for machine learning, statistical analysis, and data-driven decision making. Experienced with Python, R, and modern data visualization tools.",Data Scientist,"Vaughn, Bryant and Irwin",c++;flask;google cloud;mongodb;mysql;python,"West Laura, Palestinian Territory",5.0,,github.com/sbeasley,linkedin.com/in/joneskristopher,,,,MSc
Candidate-0051,"Automation Engineer with expertise in designing and implementing automated test scripts and CI/CD pipelines. Skilled in Python, Selenium, and test automation frameworks.",Automation Engineer,Moore Inc,flask;go;google cloud;mongodb;postgresql;python;spring;vue,"Port Jeffery, Gibraltar",5.0,,github.com/croberts,linkedin.com/in/mayodouglas,,,,MSc
Candidate-0052,Finish table through girl worker. Fall top reduce central policy rate.,Vue Developer,Porter PLC,c#;google cloud;java;node.js;redis;ruby;vue,"North James, Slovenia",7.0,,github.com/pford,linkedin.com/in/nguyenrobert,,,,BSc
Candidate-0053,NoSQL Developer with experience in managing and scaling NoSQL databases like MongoDB and DynamoDB. Proficient in JavaScript and database optimization.,Nosql Developer,Rogers Ltd,angular;google cloud;node.js;nosql;oracle;ruby;vue,"West Michael, New Caledonia",2.0,,github.com/navarrodenise,linkedin.com/in/brian45,,,,BSc
Candidate-0054,"MLOps Engineer with a strong background in machine learning model deployment, monitoring, and optimization. Skilled in Docker, Kubernetes, and CI/CD pipelines.",Mlops Engineer,Davis-Williams,c#;go;google cloud;oracle;postgresql;python;ruby;spring,"Hamiltonland, Azerbaijan",1.0,,github.com/gordonamy,linkedin.com/in/hartbenjamin,,,,BSc
Candidate-0055,Imagine buy serious learn yourself dinner physical. Later lose already ever at list. Work thank author plan including try billion drive.,React Developer,Harris-Smith,azure;c#;oracle;react;spring,"Brandonfurt, Lao People's Democratic Republic",2.0,,github.com/lindasmith,linkedin.com/in/currymichelle,,,,MSc
Candidate-0056,"Analytical Data Scientist with a passion for machine learning, statistical analysis, and data-driven decision making. Experienced with Python, R, and modern data visualization tools.",Data Scientist,Obrien LLC,aws;javascript;oracle;python;ruby;vue,"Williamsonhaven, Israel",5.0,,github.com/jonesrobert,linkedin.com/in/davisemily,,,,BSc
Candidate-0057,Devops Engineer with experience in various DevOps methodologies and tools.,Devops Engineer,Nendrasys Technologies Pvt Ltd,c;core java,"Hyderabad, India",,,,,,,,Masters
Candidate-0058,"SQL Developer specializing in writing optimized SQL queries and database management. Skilled in database design, normalization, and performance tuning.",Sql Developer,"Williams, Mckenzie and Brown",aws;django;flask;go;oracle;sql,"South Cherylside, Wallis and Futuna",5.0,,github.com/bentleysusan,linkedin.com/in/parkersteven,,,,MSc
Candidate-0059,"Flutter Developer specializing in mobile app development and user experience design. Skilled in Dart, Flutter SDK, and cross-platform development.",Flutter Developer,"Burnett, Carter and Martinez",azure;dart;go;postgresql;spring;vue,"West Sarah, Holy See (Vatican City State)",4.0,,github.com/vroman,linkedin.com/in/fho,,,,MSc
Candidate-0060,Chair board night country sound. Over deal forget these tough set.,Software Engineer,"Smith, Li and Baker",azure;c#;java;oracle;postgresql;python;vue,"South Laurie, Pitcairn Islands",3.0,,github.com/yvonnelane,linkedin.com/in/richard73,,,,MSc
Candidate-0061,NoSQL Developer with experience in managing and scaling NoSQL databases like MongoDB and DynamoDB. Proficient in JavaScript and database optimization.,Nosql Developer,"Shah, Turner and Rodriguez",aws;go;javascript;mysql;nosql;python;vue,"West Mark, Venezuela",4.0,,github.com/gonzalezalicia,linkedin.com/in/davidbryant,,,,BSc
Candidate-0062,Company generation pick them size then. Perhaps until cold attention. Clearly learn popular.,Software Engineer,White-Jordan,angular;aws;c#;flask;mysql;node.js;python;redis,"South Robertburgh, Saudi Arabia",5.0,,github.com/lanejoseph,linkedin.com/in/billy59,,,,BSc
Candidate-0063,Technical Architect with a focus on designing complex software systems and defining technical requirements. Skilled in cloud architecture and system integration.,Technical Architect,"Wu, Orozco and Hurst",aws;flask;go;javascript;mongodb;oracle;python;ruby,"Port Jasonchester, Colombia",6.0,,github.com/lisa07,linkedin.com/in/patriciagolden,,,,MSc
Candidate-0064,"Full-Stack Developer proficient in both front-end and back-end development. Skilled in React and Django, creating complete web applications.",Full Stack Developer,Lin-Solis,azure;flask;java;javascript;postgresql;python;react;redis,"North Tamara, Cook Islands",4.0,,github.com/johnsonkayla,linkedin.com/in/thompsoncheryl,,,,BSc
Candidate-0065,Database Administrator skilled in optimizing SQL queries and maintaining database health through regular backups and maintenance.,Database Administrator,"Cole, Vaughn and Diaz",google cloud;java;node.js;postgresql;react;sql;vue,"Daychester, British Virgin Islands",7.0,,github.com/kmason,linkedin.com/in/pereztheresa,,,,MSc
Candidate-0066,"Kubernetes Engineer with experience in container orchestration and managing Kubernetes clusters. Skilled in Docker, Kubernetes, and cloud services.",Kubernetes Engineer,Wilson LLC,angular;c#;google cloud;javascript;mysql,"Adriennebury, Pitcairn Islands",4.0,,github.com/mcguiretimothy,linkedin.com/in/fjohnson,,,,BSc
Candidate-0067,Picture arrive method people back school. Energy production certain want economy every hundred. Determine attention reflect enjoy. Member not summer business.,Angular Developer,"Kelley, Price and Martinez",angular;c++;flask;google cloud;mysql,"Stefaniemouth, Tokelau",6.0,,github.com/andrew66,linkedin.com/in/jeffreyallen,,,,BSc
Candidate-0068,"Results-driven DevOps Engineer with proven expertise in cloud infrastructure, automation, and continuous integration. Skilled in AWS, Docker, and Kubernetes.",Devops Engineer,"Maldonado, Pugh and Smith",aws;azure;c++;javascript;oracle;python;react;redis;spring,"West Lori, Reunion",4.0,,github.com/yangjenna,linkedin.com/in/andreaperkins,,,,MSc
Candidate-0069,Political record information soon she simple against memory. Perhaps take see want land response remember.,Machine Learning Engineer,Herrera and Sons,aws;go;java;oracle;python;react;redis,"South Amandaland, Zimbabwe",4.0,,github.com/deborahwilliams,linkedin.com/in/davenportelizabeth,,,,MSc
Candidate-0070,"React Native Developer specializing in cross-platform mobile app development. Proficient in React, JavaScript, and building high-performance mobile applications.",React Native Developer,"Lopez, Mccormick and Melton",aws;c++;postgresql;react;react native;redis,"West Nicholasborough, Paraguay",3.0,,github.com/allison39,linkedin.com/in/adamscrystal,,,,MSc
Candidate-0071,"Cybersecurity Engineer with a strong background in network security, threat detection, and incident response. Skilled in penetration testing and security audits.",Cybersecurity Engineer,"Gilbert, Page and Wood",c#;c++;google cloud;mysql;python;redis;spring,"Dunnborough, Netherlands Antilles",6.0,,github.com/hjones,linkedin.com/in/lsmith,,,,BSc
Candidate-0072,"React Native Developer specializing in cross-platform mobile app development. Proficient in React, JavaScript, and building high-performance mobile applications.",React Native Developer,Baker LLC,aws;java;mongodb;react;react native;ruby;vue,"Sanchezchester, Liberia",4.0,,github.com/meghanbrown,linkedin.com/in/xcruz,,,,BSc
Candidate-0073,"Analytical Data Scientist with a passion for machine learning, statistical analysis, and data-driven decision making. Experienced with Python, R, and modern data visualization tools.",Data Scientist,"Griffin, Gibson and Clark",django;google cloud;java;mongodb;postgresql;python;ruby,"Clarkview, Costa Rica",3.0,,github.com/lawrencecassandra,linkedin.com/in/millerchristie,,,,BSc
Candidate-0074,Database Administrator skilled in optimizing SQL queries and maintaining database health through regular backups and maintenance.,Database Administrator,Washington-Gilmore,angular;flask;google cloud;java;javascript;oracle;postgresql;sql;vue,"New Dawn, Norfolk Island",6.0,,github.com/nicolehowe,linkedin.com/in/bfreeman,,,,MSc
Candidate-0075,"Passionate Deep Learning Engineer with expertise in neural network design, training, and optimization. Skilled in TensorFlow, PyTorch, and computer vision.",Deep Learning Engineer,Walker Group,aws;c#;flask;javascript;mysql;node.js;python,"Noblehaven, Sao Tome and Principe",4.0,,github.com/ssanchez,linkedin.com/in/qbishop,,,,BSc
Candidate-0076,"Site Reliability Engineer with expertise in maintaining high-availability systems and automating infrastructure. Skilled in Docker, Kubernetes, and cloud services.",Site Reliability Engineer,"Woodward, Young and Bailey",django;google cloud;java;javascript;oracle,"Petersberg, Suriname",4.0,,github.com/fieldsjustin,linkedin.com/in/david03,,,,BSc
Candidate-0077,"Flutter Developer specializing in mobile app development and user experience design. Skilled in Dart, Flutter SDK, and cross-platform development.",Flutter Developer,Mckay-Washington,dart;django;google cloud;oracle;python;ruby,"Parkerport, Zimbabwe",4.0,,github.com/valerie71,linkedin.com/in/linda96,,,,MSc
Candidate-0078,"Cybersecurity Engineer with a strong background in network security, threat detection, and incident response. Skilled in penetration testing and security audits.",Cybersecurity Engineer,Johnson-Blackburn,angular;azure;django;go;java;mongodb;node.js;python;ruby,"Lake Kathryn, Mozambique",6.0,,github.com/amy99,linkedin.com/in/williamschneider,,,,MSc
Candidate-0079,"Innovative Android Developer with a passion for mobile app development and user experience design. Skilled in Java, Kotlin, and Android Studio.",Android Developer,"White, Wright and White",azure;c++;django;java;mysql;redis;spring;vue,"North Jilliantown, Saint Helena",4.0,,github.com/smithzachary,linkedin.com/in/danielle26,,,,BSc
Candidate-0080,Manager college adult lose. Size rich position bed carry. Deal former act.,Frontend Developer,"Wilson, Gonzales and Myers",angular;azure;c++;flask;javascript;mysql;react;redis;spring,"Lake Ethan, Cote d'Ivoire",6.0,,github.com/jessicabenson,linkedin.com/in/stephen57,,,,BSc
Candidate-0081,"Quality Assurance Engineer with extensive experience in testing web applications, identifying bugs, and ensuring software quality. Skilled in test automation and bug tracking tools.",Qa Engineer,Stewart-Stafford,angular;go;google cloud;mysql;oracle;python;react;spring,"East Amanda, Seychelles",6.0,,github.com/donna84,linkedin.com/in/michael65,,,,MSc
Candidate-0082,"Passionate Deep Learning Engineer with expertise in neural network design, training, and optimization. Skilled in TensorFlow, PyTorch, and computer vision.",Deep Learning Engineer,"Clark, Jones and Carpenter",azure;c++;flask;go;mysql;oracle;python,"South Tracy, South Georgia and the South Sandwich Islands",4.0,,github.com/justinsantos,linkedin.com/in/ljones,,,,MSc
Candidate-0083,Mean head want common expect. Discover watch necessary pretty situation. Because again point see.,Software Engineer,Stevens Inc,c++;django;google cloud;mongodb;oracle;python;ruby,"Hallbury, Pakistan",5.0,,github.com/nicole40,linkedin.com/in/hernandezjohn,,,,MSc
Candidate-0084,"Full-Stack Developer proficient in both front-end and back-end development. Skilled in React and Django, creating complete web applications.",Full Stack Developer,"Cox, White and Kim",azure;flask;go;javascript;oracle;postgresql;python;react;ruby,"Jodystad, Angola",3.0,,github.com/marcus76,linkedin.com/in/cochranmichelle,,,,BSc
Candidate-0085,"AI Engineer with expertise in artificial intelligence, machine learning, and deep learning. Skilled in Python, TensorFlow, and developing AI-powered applications.",Ai Engineer,Stephens LLC,azure;c#;flask;go;python;redis,"Donnafurt, Netherlands",6.0,,github.com/michellewilliams,linkedin.com/in/johndavis,,,,BSc
Candidate-0086,"Dedicated Security Engineer with a strong background in cybersecurity, risk assessment, and incident response. Skilled in penetration testing and security audits.",Security Engineer,Manning PLC,angular;aws;c++;java;javascript;node.js;python;react;redis,"New Johnbury, Finland",4.0,,github.com/angelasharp,linkedin.com/in/ashley84,,,,BSc
Candidate-0087,"Cybersecurity Engineer with a strong background in network security, threat detection, and incident response. Skilled in penetration testing and security audits.",Cybersecurity Engineer,"Horn, Alexander and Sullivan",azure;c++;django;go;mongodb;postgresql;python;ruby,"South Bethtown, Gibraltar",4.0,,github.com/luisblake,linkedin.com/in/hfrederick,,,,BSc
Candidate-0088,Innovative JavaScript Developer with extensive experience in front-end frameworks and building interactive user interfaces using React and Angular.,Javascript Developer,Brown PLC,angular;c++;django;google cloud;java;javascript;mysql;node.js;postgresql,"New Rachel, South Georgia and the South Sandwich Islands",4.0,,github.com/darindavidson,linkedin.com/in/kathymartin,,,,MSc
Candidate-0089,"Cybersecurity Engineer with a strong background in network security, threat detection, and incident response. Skilled in penetration testing and security audits.",Cybersecurity Engineer,"Hall, Watson and Mosley",django;google cloud;javascript;oracle;python;react,"Jacobsstad, Israel",6.0,,github.com/julianford,linkedin.com/in/rebecca82,,,,MSc
Candidate-0090,"Creative iOS Developer with a focus on building elegant and user-friendly applications for Apple devices. Proficient in Swift, Xcode, and iOS SDK.",Ios Developer,Murphy Ltd,c#;go;google cloud;javascript;node.js;postgresql;swift;vue,"South Christine, Mauritania",2.0,,github.com/uford,linkedin.com/in/chavezdebbie,,,,BSc
Candidate-0091,,Java Developer,Inouvelle Ventures Private Limited,c;c++;functional testing;hibernate;j2ee;java;linux;manual testing;ms office;mysql;postgresql;spring;windows,"Nagpur, India",9.0,,,,,,,B.E
Candidate-0092,"Cloud Engineer with expertise in AWS cloud services, including EC2, S3, Lambda, and VPCs. Proficient in designing and deploying scalable applications in the cloud.",Cloud Engineer,"Kline, Tran and Collins",angular;aws;django;go;google cloud;javascript;mysql;spring,"Danielborough, Andorra",4.0,,github.com/oschroeder,linkedin.com/in/upratt,,,,MSc
Candidate-0093,"Data Engineer with a focus on ETL processes, data pipelines, and data warehousing. Skilled in Python, SQL, and big data technologies like Hadoop and Spark.",Data Engineer,Cervantes-Bowman,azure;c++;django;go;mysql;postgresql;python;react;vue,"Port Amyville, Sudan",5.0,,github.com/maria45,linkedin.com/in/dgordon,,,,BSc
Candidate-0094,"Creative Web Developer with a passion for building responsive and user-friendly web applications. Proficient in HTML, CSS, JavaScript, and front-end frameworks like React.",Web Developer,"Gonzalez, White and Ortega",angular;azure;c#;javascript;mongodb;postgresql;ruby;spring,"Meganmouth, Venezuela",4.0,,github.com/robertsanchez,linkedin.com/in/nicole98,,,,MSc
Candidate-0095,Black people manage some entire. Need improve southern. Help defense different Mrs.,Software Engineer,Mccoy-Paul,angular;c++;flask;google cloud;javascript;oracle;python;redis;ruby;vue,"Antonioland, Myanmar",4.0,,github.com/arivas,linkedin.com/in/fhowell,,,,MSc
Candidate-0096,Database Administrator skilled in optimizing SQL queries and maintaining database health through regular backups and maintenance.,Database Administrator,"Mcgrath, Adams and Allen",django;flask;google cloud;postgresql;ruby;sql,"New Crystalfurt, Sao Tome and Principe",5.0,,github.com/cindy05,linkedin.com/in/khanson,,,,BSc
Candidate-0097,"Creative Mobile Developer specializing in iOS and Android app development. Proficient in Swift, Java, and React Native, with a focus on user-centric design principles.",Mobile Developer,"Schmidt, Stone and Horne",google cloud;java;javascript;mysql;oracle;react;ruby;vue,"South Troyville, Tajikistan",2.0,,github.com/vickie24,linkedin.com/in/nicolecarr,,,,BSc
Candidate-0098,Strategic Solutions Architect with experience in large-scale enterprise system design and implementation. Skilled in cloud architecture and complex system integration.,Solutions Architect,Smith-Davis,flask;google cloud;postgresql;python;ruby,"Davidland, Qatar",1.0,,github.com/djohnson,linkedin.com/in/suzanneramirez,,,,MSc
Candidate-0099,"Passionate Deep Learning Engineer with expertise in neural network design, training, and optimization. Skilled in TensorFlow, PyTorch, and computer vision.",Deep Learning Engineer,Smith PLC,angular;django;go;google cloud;mongodb;oracle;python;ruby,"Petersfurt, Ecuador",6.0,,github.com/beardjonathan,linkedin.com/in/victor18,,,,MSc
Candidate-0100,,Java Web Developer,Salcluster Technologies,hibernate;java;javascript;spring;struts,"Amravati, India",,,,,,,,MCA
Candidate-0101,"Automation Engineer with expertise in designing and implementing automated test scripts and CI/CD pipelines. Skilled in Python, Selenium, and test automation frameworks.",Automation Engineer,Campbell Group,angular;aws;c++;javascript;mongodb;node.js;oracle;python;ruby,"Port Sharon, Trinidad and Tobago",4.0,,github.com/cameronward,linkedin.com/in/rachelgibbs,,,,BSc
Candidate-0102,"Innovative Android Developer with a passion for mobile app development and user experience design. Skilled in Java, Kotlin, and Android Studio.",Android Developer,"Stevens, Moore and Smith",c#;django;google cloud;java;mongodb;react;redis;spring,"South Dianehaven, India",5.0,,github.com/wendymorgan,linkedin.com/in/jonathan34,,,,BSc
Candidate-0103,"Quality Assurance Engineer with extensive experience in testing web applications, identifying bugs, and ensuring software quality. Skilled in test automation and bug tracking tools.",Qa Engineer,White Group,c++;google cloud;postgresql;python;vue,"Jeanetteshire, Nigeria",6.0,,github.com/lindseypope,linkedin.com/in/owebb,,,,BSc
Candidate-0104,Follow ago image. Second media security cost.,Vue Developer,"Perez, Taylor and Walton",django;go;google cloud;java;mysql;node.js;react;vue,"Port Kathryn, Estonia",3.0,,github.com/figueroarobert,linkedin.com/in/marybell,,,,MSc
Candidate-0105,"Cloud Engineer with expertise in AWS cloud services, including EC2, S3, Lambda, and VPCs. Proficient in designing and deploying scalable applications in the cloud.",Cloud Engineer,"Phillips, Smith and Rivera",angular;aws;azure;django;mysql;ruby,"Williamsburgh, Guernsey",5.0,,github.com/fpaul,linkedin.com/in/valeriecollins,,,,BSc
Candidate-0106,"Data Engineer with a focus on ETL processes, data pipelines, and data warehousing. Skilled in Python, SQL, and big data technologies like Hadoop and Spark.",Data Engineer,Keller Inc,aws;c#;c++;mongodb;postgresql;python;react;ruby,"Nicolefort, El Salvador",5.0,,github.com/paulkoch,linkedin.com/in/pkeller,,,,BSc
Candidate-0107,"Passionate Deep Learning Engineer with expertise in neural network design, training, and optimization. Skilled in TensorFlow, PyTorch, and computer vision.",Deep Learning Engineer,"Alexander, Mills and Smith",aws;c++;java;javascript;mongodb;python;spring,"Lake Michaelfurt, Nicaragua",4.0,,github.com/nicholas18,linkedin.com/in/millerdavid,,,,MSc
Candidate-0108,Field maybe public buy. Seat college technology beat pretty agree. Skill interview and tree color. Investment information it especially job. Indeed out indeed cup growth.,React Developer,"Simon, Elliott and Young",c++;google cloud;javascript;mongodb;node.js;react;redis,"South Kellytown, Haiti",6.0,,github.com/kristen20,linkedin.com/in/jacksonkaitlin,,,,MSc
Candidate-0109,"SQL Developer specializing in writing optimized SQL queries and database management. Skilled in database design, normalization, and performance tuning.",Sql Developer,"Salazar, Mejia and Williams",angular;google cloud;javascript;mongodb;node.js;sql;vue,"Nicolemouth, Svalbard & Jan Mayen Islands",1.0,,github.com/brandi44,linkedin.com/in/lindsay94,,,,MSc
Candidate-0110,,Java Developer,Replete Business Solutions Pvt Ltd,ajax;angularjs;html;ionic 3;j2ee;java;mssql;mysql;spring mvc,"Nashik, India",,,,,,,,BE
Candidate-0111,"AI Engineer with expertise in artificial intelligence, machine learning, and deep learning. Skilled in Python, TensorFlow, and developing AI-powered applications.",Ai Engineer,Thompson-Anderson,django;google cloud;java;javascript;mongodb;python;react,"West Heather, Kuwait",4.0,,github.com/wstewart,linkedin.com/in/jasonnelson,,,,MSc
Candidate-0112,"Passionate Deep Learning Engineer with expertise in neural network design, training, and optimization. Skilled in TensorFlow, PyTorch, and computer vision.",Deep Learning Engineer,"Elliott, Johnson and Lee",azure;flask;mongodb;postgresql;python;ruby,"East John, Saint Lucia",4.0,,github.com/gregory87,linkedin.com/in/colejohn,,,,BSc
Candidate-0113,"Innovative Android Developer with a passion for mobile app development and user experience design. Skilled in Java, Kotlin, and Android Studio.",Android Developer,Walker LLC,aws;c#;c++;django;flask;java;oracle;postgresql;spring,"Pattyport, Singapore",5.0,,github.com/longsamuel,linkedin.com/in/christophermcclain,,,,MSc
Candidate-0114,"Results-driven DevOps Engineer with proven expertise in cloud infrastructure, automation, and continuous integration. Skilled in AWS, Docker, and Kubernetes.",Devops Engineer,Moore-Lucas,aws;google cloud;mysql;ruby;vue,"Port Paula, Eritrea",6.0,,github.com/idavenport,linkedin.com/in/ggutierrez,,,,MSc
Candidate-0115,"Results-driven DevOps Engineer with proven expertise in cloud infrastructure, automation, and continuous integration. Skilled in AWS, Docker, and Kubernetes.",Devops Engineer,Ryan-Gomez,aws;django;go;mongodb;redis,"Jacobsfurt, Cocos (Keeling) Islands",3.0,,github.com/xbradley,linkedin.com/in/stevenmorales,,,,MSc
Candidate-0116,"Innovative Android Developer with a passion for mobile app development and user experience design. Skilled in Java, Kotlin, and Android Studio.",Android Developer,Cunningham PLC,aws;c#;c++;flask;java;mysql;ruby,"South Heatherhaven, Maldives",4.0,,github.com/patrickowens,linkedin.com/in/joanneevans,,,,BSc
Candidate-0117,"Experienced Python Developer with a strong background in building scalable web applications and data pipelines. Proficient in Django, Flask, and RESTful API design.",Python Developer,Brooks Ltd,c++;django;flask;google cloud;java;javascript;node.js;oracle;python,"Pattonfurt, Monaco",5.0,,github.com/robert45,linkedin.com/in/keithallen,,,,BSc
Candidate-0118,"Experienced Python Developer with a strong background in building scalable web applications and data pipelines. Proficient in Django, Flask, and RESTful API design.",Python Developer,"Carter, Roy and George",c#;c++;django;google cloud;node.js;python;redis,"Jacksontown, Mongolia",2.0,,github.com/jacksonmichael,linkedin.com/in/matthew52,,,,MSc
Candidate-0119,Strategic Solutions Architect with experience in large-scale enterprise system design and implementation. Skilled in cloud architecture and complex system integration.,Solutions Architect,Walter-Pennington,aws;c#;go;mysql;node.js;oracle;python;spring;vue,"East Michael, Mongolia",6.0,,github.com/hopkinscourtney,linkedin.com/in/jrobinson,,,,MSc
Candidate-0120,"Experienced Python Developer with a strong background in building scalable web applications and data pipelines. Proficient in Django, Flask, and RESTful API design.",Python Developer,Juarez-Hendricks,azure;flask;java;javascript;mysql;python,"Lake Nicholas, Syrian Arab Republic",7.0,,github.com/patrick77,linkedin.com/in/cheryl34,,,,MSc
Candidate-0121,"Flutter Developer specializing in mobile app development and user experience design. Skilled in Dart, Flutter SDK, and cross-platform development.",Flutter Developer,Moore-Meza,aws;c++;dart;oracle;postgresql;ruby;vue,"Lake Justinfurt, Cameroon",5.0,,github.com/nancymorgan,linkedin.com/in/gedwards,,,,BSc
Candidate-0122,NoSQL Developer with experience in managing and scaling NoSQL databases like MongoDB and DynamoDB. Proficient in JavaScript and database optimization.,Nosql Developer,Houston-Wiggins,aws;flask;javascript;nosql;redis;spring;vue,"Lake Jonathanberg, Cameroon",7.0,,github.com/berrylaura,linkedin.com/in/michelegarza,,,,MSc
Candidate-0123,Detail-oriented Java Developer specializing in backend systems and microservices architecture. Skilled in Spring Boot and designing robust enterprise solutions.,Java Developer,Smith Group,django;google cloud;java;mongodb;python;redis,"Kevinstad, South Africa",5.0,,github.com/joseph19,linkedin.com/in/michaelrogers,,,,MSc
Candidate-0124,"Computer Vision Engineer specializing in image processing, object detection, and video analytics. Experienced in OpenCV, TensorFlow, and deep learning models.",Computer Vision Engineer,"Ray, Long and Acevedo",angular;google cloud;mongodb;postgresql;python,"Jonathanside, Namibia",4.0,,github.com/edward63,linkedin.com/in/jhernandez,,,,BSc
Candidate-0125,"Experienced Python Developer with a strong background in building scalable web applications and data pipelines. Proficient in Django, Flask, and RESTful API design.",Python Developer,Carter Inc,angular;azure;c++;flask;mongodb;oracle;python;ruby;spring,"North Joshuaport, Monaco",5.0,,github.com/sarah81,linkedin.com/in/gallegosandrew,,,,MSc
Candidate-0126,"React Native Developer specializing in cross-platform mobile app development. Proficient in React, JavaScript, and building high-performance mobile applications.",React Native Developer,Garner Group,aws;django;oracle;postgresql;python;react native;spring;vue,"Lake Anne, Thailand",1.0,,github.com/teresarios,linkedin.com/in/robert29,,,,MSc
Candidate-0127,The television even present organization happy fine rest. System pressure eye nothing deal family. Face paper share among fine another network.,Vue Developer,"Wheeler, Carr and Velazquez",django;google cloud;java;mysql;python;redis;vue,"Lake Joshua, Turkmenistan",3.0,,github.com/james44,linkedin.com/in/thomaserika,,,,MSc
Candidate-0128,Innovative JavaScript Developer with extensive experience in front-end frameworks and building interactive user interfaces using React and Angular.,Javascript Developer,Gregory-Barnett,aws;c#;java;javascript;node.js;oracle;postgresql;vue,"Nicholasfurt, Bhutan",6.0,,github.com/wlogan,linkedin.com/in/thomassmith,,,,BSc
Candidate-0129,Technical Architect with a focus on designing complex software systems and defining technical requirements. Skilled in cloud architecture and system integration.,Technical Architect,Brown-Miller,aws;c#;flask;go;javascript;mysql;python;redis;spring,"East Morganton, British Virgin Islands",5.0,,github.com/psmith,linkedin.com/in/rachelstevenson,,,,MSc
Candidate-0130,"Platform Engineer with expertise in designing and maintaining scalable platforms for web applications. Skilled in Docker, Kubernetes, and cloud infrastructure.",Platform Engineer,Mendoza PLC,angular;aws;c#;c++;mysql;node.js;redis;spring,"Shawnton, Mozambique",4.0,,github.com/peggy33,linkedin.com/in/spearssamantha,,,,MSc
Candidate-0131,"Cloud Engineer with expertise in AWS cloud services, including EC2, S3, Lambda, and VPCs. Proficient in designing and deploying scalable applications in the cloud.",Cloud Engineer,Lewis Group,angular;aws;azure;c#;c++;mysql;node.js;redis;ruby;vue,"Mckenziehaven, Congo",5.0,,github.com/robertallen,linkedin.com/in/josephdudley,,,,BSc
Candidate-0132,Table now power technology civil determine. Single gun officer dream red. Create tough leave travel. Energy them campaign particular. Once of world decide show executive grow treat.,React Developer,Cervantes-Harris,azure;django;javascript;node.js;postgresql;react;redis,"Parkerborough, Bahrain",6.0,,github.com/coxjohn,linkedin.com/in/marshrachel,,,,BSc
Candidate-0133,"React Native Developer specializing in cross-platform mobile app development. Proficient in React, JavaScript, and building high-performance mobile applications.",React Native Developer,"Lewis, Morgan and Stewart",angular;google cloud;java;javascript;postgresql;react native;spring;vue,"South Paulaburgh, Bermuda",4.0,,github.com/kaylajackson,linkedin.com/in/carol06,,,,BSc
Candidate-0134,,Java Web Developer,Salcluster Technologies,hibernate;java;javascript;spring;struts,"Amravati, India",,,,,,,,MCA
Candidate-0135,"AI Engineer with expertise in artificial intelligence, machine learning, and deep learning. Skilled in Python, TensorFlow, and developing AI-powered applications.",Ai Engineer,"Lang, Andersen and Jones",angular;aws;go;java;mysql;python;react;redis,"Lake Scott, Vietnam",3.0,,github.com/danielpatel,linkedin.com/in/janicecole,,,,BSc
Candidate-0136,"Site Reliability Engineer with expertise in maintaining high-availability systems and automating infrastructure. Skilled in Docker, Kubernetes, and cloud services.",Site Reliability Engineer,Roberson-Meadows,azure;c++;flask;java;javascript;mongodb,"Port Chadport, Uzbekistan",5.0,,github.com/dawnklein,linkedin.com/in/joshuaanderson,,,,MSc
Candidate-0137,"Dedicated Security Engineer with a strong background in cybersecurity, risk assessment, and incident response. Skilled in penetration testing and security audits.",Security Engineer,"Cruz, Hill and Harvey",angular;c#;c++;google cloud;javascript;mongodb;python;redis;vue,"Victoriaside, Burkina Faso",4.0,,github.com/timothymartinez,linkedin.com/in/carolinefrench,,,,MSc
Candidate-0138,"SQL Developer specializing in writing optimized SQL queries and database management. Skilled in database design, normalization, and performance tuning.",Sql Developer,Morrison-Wade,c#;c++;django;flask;google cloud;javascript;mysql;spring;sql,"New Jose, Denmark",3.0,,github.com/dianamcneil,linkedin.com/in/charles52,,,,MSc
Candidate-0139,"React Native Developer specializing in cross-platform mobile app development. Proficient in React, JavaScript, and building high-performance mobile applications.",React Native Developer,Bernard-Anderson,angular;azure;c#;go;mongodb;mysql;react native;spring,"New Jacob, Norfolk Island",4.0,,github.com/snyderphilip,linkedin.com/in/staciestuart,,,,BSc
Candidate-0140,Individual baby simply view international grow newspaper different. Health speech good on land. Might soldier ever air would person day.,Database Engineer,"Richardson, Duncan and Lewis",django;google cloud;mysql;node.js;postgresql;python;ruby;spring;sql,"Huberhaven, Denmark",5.0,,github.com/allison19,linkedin.com/in/vchang,,,,BSc
Candidate-0141,"Passionate Deep Learning Engineer with expertise in neural network design, training, and optimization. Skilled in TensorFlow, PyTorch, and computer vision.",Deep Learning Engineer,Acosta LLC,google cloud;java;python;react;redis;vue,"North Daniel, Panama",5.0,,github.com/bryananthony,linkedin.com/in/jamesnelson,,,,BSc
Candidate-0142,Nation near appear cold since traditional. Very small exactly occur rise. Pm establish hand research prevent her small. Certainly language return establish perform. Pay mean name daughter.,Machine Learning Engineer,Flores and Sons,azure;flask;go;java;node.js;python;redis,"Angelaborough, Colombia",3.0,,github.com/sjohnson,linkedin.com/in/davisallen,,,,MSc
Candidate-0143,"Flutter Developer specializing in mobile app development and user experience design. Skilled in Dart, Flutter SDK, and cross-platform development.",Flutter Developer,Rogers PLC,dart;flask;google cloud;java;mongodb;node.js;python;ruby,"North Billyborough, Cuba",2.0,,github.com/jeffery74,linkedin.com/in/rbuck,,,,BSc
Candidate-0144,"Platform Engineer with expertise in designing and maintaining scalable platforms for web applications. Skilled in Docker, Kubernetes, and cloud infrastructure.",Platform Engineer,Carlson and Sons,angular;aws;c++;java;oracle;postgresql;python;react;spring,"Port Ronaldburgh, Senegal",4.0,,github.com/timothy42,linkedin.com/in/coxmatthew,,,,BSc
Candidate-0145,Safe also anything beyond sister million customer. Role other year member. Item effort responsibility present across want court image.,Machine Learning Engineer,Schmidt-Mitchell,aws;c++;flask;javascript;mysql;python,"Port Austin, Fiji",4.0,,github.com/unielsen,linkedin.com/in/lisa95,,,,BSc
Candidate-0146,Good attack skin. Professional argue certain from on accept director. Score up continue.,Software Engineer,Anderson-Hernandez,azure;c++;postgresql;python;redis;spring,"Lake Christopherland, United States Virgin Islands",5.0,,github.com/lisa51,linkedin.com/in/dianafox,,,,MSc
Candidate-0147,"Penetration Tester with experience in ethical hacking, vulnerability assessments, and security audits. Skilled in network security and penetration testing tools.",Penetration Tester,Dillon-Rojas,c#;c++;flask;google cloud;postgresql;python;react;redis,"Nicholasville, Norway",4.0,,github.com/mvargas,linkedin.com/in/richardsonstacy,,,,BSc
Candidate-0148,"Automation Engineer with expertise in designing and implementing automated test scripts and CI/CD pipelines. Skilled in Python, Selenium, and test automation frameworks.",Automation Engineer,Taylor Ltd,angular;flask;google cloud;javascript;python;redis;ruby;spring,"Haileyfurt, Saint Barthelemy",4.0,,github.com/michaelhamilton,linkedin.com/in/robert16,,,,BSc
Candidate-0149,NoSQL Developer with experience in managing and scaling NoSQL databases like MongoDB and DynamoDB. Proficient in JavaScript and database optimization.,Nosql Developer,Sherman-Foster,angular;aws;c#;django;go;mongodb;nosql,"Lake Jessicahaven, Bahamas",4.0,,github.com/gwebb,linkedin.com/in/zgreen,,,,BSc
Candidate-0150,"SQL Developer specializing in writing optimized SQL queries and database management. Skilled in database design, normalization, and performance tuning.",Sql Developer,Barnes-Davis,angular;aws;c++;flask;postgresql;ruby;sql;vue,"Arthurview, Cook Islands",4.0,,github.com/robert07,linkedin.com/in/brandonwashington,,,,BSc
Candidate-0151,Although eight police through. Power few site road. Dream leave history entire stay note.,Frontend Developer,Moore Group,aws;c#;javascript;oracle;react;ruby;spring,"Richardborough, Comoros",5.0,,github.com/galvanmichael,linkedin.com/in/jonathan15,,,,MSc
Candidate-0152,"Creative iOS Developer with a focus on building elegant and user-friendly applications for Apple devices. Proficient in Swift, Xcode, and iOS SDK.",Ios Developer,"Rose, Lucas and Williams",angular;azure;javascript;mongodb;swift,"New Mark, Timor-Leste",5.0,,github.com/william22,linkedin.com/in/ann61,,,,BSc
Candidate-0153,Database Administrator skilled in optimizing SQL queries and maintaining database health through regular backups and maintenance.,Database Administrator,"Aguilar, Taylor and Ali",azure;c#;oracle;spring;sql,"Andrewfurt, Bhutan",1.0,,github.com/ymorris,linkedin.com/in/graymichael,,,,MSc
Candidate-0154,"Information Security Analyst specializing in security assessments, risk management, and compliance. Skilled in cybersecurity tools and incident response.",Information Security Analyst,Padilla LLC,azure;c#;flask;javascript;mongodb;postgresql;python,"New Pamela, Mozambique",6.0,,github.com/carlelliott,linkedin.com/in/williamscatherine,,,,MSc
Candidate-0155,Forget minute current American test go our. Raise idea federal own consider. Protect recently any page represent more always. Bag candidate again foreign than.,Frontend Developer,Fuentes-Lambert,go;google cloud;javascript;mysql;node.js;postgresql;python;react;ruby,"New Nicholas, Cuba",4.0,,github.com/abigaildavenport,linkedin.com/in/bpotter,,,,MSc
Candidate-0156,"Dedicated Security Engineer with a strong background in cybersecurity, risk assessment, and incident response. Skilled in penetration testing and security audits.",Security Engineer,Kirby Inc,aws;c#;django;go;mysql;python;redis;spring;vue,"North Willietown, Mali",6.0,,github.com/brendanmorrow,linkedin.com/in/qho,,,,MSc
Candidate-0157,"Dedicated Security Engineer with a strong background in cybersecurity, risk assessment, and incident response. Skilled in penetration testing and security audits.",Security Engineer,Vargas-Kelly,aws;c++;mysql;python;spring;vue,"Woodwardbury, Christmas Island",6.0,,github.com/ksandoval,linkedin.com/in/dandrews,,,,BSc
Candidate-0158,Many admit traditional write. Back either church bag nation. Clear movement four account sister. Expect recent their event relationship father.,Vue Developer,Leon-Wall,c#;google cloud;java;javascript;mongodb;postgresql;spring;vue,"Sweeneyville, Jamaica",3.0,,github.com/boylesteven,linkedin.com/in/swhite,,,,BSc
Candidate-0159,"MLOps Engineer with a strong background in machine learning model deployment, monitoring, and optimization. Skilled in Docker, Kubernetes, and CI/CD pipelines.",Mlops Engineer,"Fletcher, Carter and Ross",angular;c#;google cloud;javascript;mongodb;node.js;python;react,"East Franciscoside, Guam",4.0,,github.com/xbrown,linkedin.com/in/hweiss,,,,BSc
Candidate-0160,Blockchain Developer with experience in smart contract development and integration of blockchain technologies in decentralized applications.,Blockchain Developer,Roach Ltd,angular;azure;python;redis;solidity,"Jonesberg, Swaziland",5.0,,github.com/jasonpotts,linkedin.com/in/teresadennis,,,,MSc
Candidate-0161,Every this until city something college decision. If history career of. Relate candidate growth risk someone.,Frontend Developer,Long Ltd,azure;flask;javascript;oracle;python;react;spring,"Briannafort, Jordan",5.0,,github.com/udavis,linkedin.com/in/rgarcia,,,,BSc
Candidate-0162,Realize raise follow people. Executive simply to it college impact. Husband hear church together together wide late year. Team carry establish industry.,Software Engineer,Kelley-Doyle,aws;c#;flask;go;node.js;postgresql;python;spring,"Nancyfurt, Taiwan",1.0,,github.com/umadden,linkedin.com/in/kristenmoore,,,,BSc
Candidate-0163,"Information Security Analyst specializing in security assessments, risk management, and compliance. Skilled in cybersecurity tools and incident response.",Information Security Analyst,Martin Ltd,azure;javascript;mysql;node.js;postgresql;python;vue,"Smithstad, Bangladesh",4.0,,github.com/calhounralph,linkedin.com/in/jessica33,,,,BSc
Candidate-0164,"Site Reliability Engineer with expertise in maintaining high-availability systems and automating infrastructure. Skilled in Docker, Kubernetes, and cloud services.",Site Reliability Engineer,Summers LLC,angular;c#;c++;django;google cloud;mysql;oracle;python,"Whitefort, New Zealand",5.0,,github.com/martinbrown,linkedin.com/in/keithmorris,,,,MSc
Candidate-0165,"AI Engineer with expertise in artificial intelligence, machine learning, and deep learning. Skilled in Python, TensorFlow, and developing AI-powered applications.",Ai Engineer,Cox and Sons,c++;django;google cloud;javascript;oracle;postgresql;python;ruby;vue,"Jordanburgh, Latvia",1.0,,github.com/traneric,linkedin.com/in/anthony41,,,,MSc
Candidate-0166,"Innovative Android Developer with a passion for mobile app development and user experience design. Skilled in Java, Kotlin, and Android Studio.",Android Developer,Hernandez LLC,aws;c++;flask;java;node.js;postgresql;ruby,"Michelebury, United States Virgin Islands",6.0,,github.com/samuel52,linkedin.com/in/pharrison,,,,BSc
Candidate-0167,Database Administrator skilled in optimizing SQL queries and maintaining database health through regular backups and maintenance.,Database Administrator,"Maldonado, Erickson and Obrien",aws;c++;django;mongodb;postgresql;react;sql,"West Monicaberg, Guadeloupe",3.0,,github.com/hannah94,linkedin.com/in/ambermyers,,,,MSc
Candidate-0168,"Information Security Analyst specializing in security assessments, risk management, and compliance. Skilled in cybersecurity tools and incident response.",Information Security Analyst,Walter-Smith,angular;aws;flask;java;mongodb;python;spring,"Morrisside, Tonga",6.0,,github.com/nharper,linkedin.com/in/ralph40,,,,BSc
Candidate-0169,Innovative JavaScript Developer with extensive experience in front-end frameworks and building interactive user interfaces using React and Angular.,Javascript Developer,"Sanchez, Sanders and Lewis",angular;aws;go;java;javascript;postgresql;redis;spring,"Youngmouth, Kuwait",2.0,,github.com/amitchell,linkedin.com/in/zgardner,,,,BSc
Candidate-0170,"Data Engineer with a focus on ETL processes, data pipelines, and data warehousing. Skilled in Python, SQL, and big data technologies like Hadoop and Spark.",Data Engineer,Hall-Lozano,c++;django;google cloud;java;mongodb;oracle;python;ruby,"Meganland, Mali",6.0,,github.com/gmeyers,linkedin.com/in/grayerin,,,,MSc
Candidate-0171,Detail-oriented Java Developer specializing in backend systems and microservices architecture. Skilled in Spring Boot and designing robust enterprise solutions.,Java Developer,"Barker, Parks and Crawford",azure;c#;java;mysql;node.js;spring,"West Emily, Macao",3.0,,github.com/edwardsjamie,linkedin.com/in/stevensherman,,,,BSc
Candidate-0172,"Creative Mobile Developer specializing in iOS and Android app development. Proficient in Swift, Java, and React Native, with a focus on user-centric design principles.",Mobile Developer,Wood-Mccoy,azure;javascript;mysql;redis;spring,"East Jacobhaven, Moldova",3.0,,github.com/perrykayla,linkedin.com/in/robin33,,,,MSc
Candidate-0173,Candidate her when difficult leg. Act dream tonight process.,Frontend Developer,"Cole, Jackson and Rodriguez",azure;flask;go;javascript;oracle;postgresql;react,"Janettown, Papua New Guinea",5.0,,github.com/david38,linkedin.com/in/william47,,,,BSc
Candidate-0174,"Platform Engineer with expertise in designing and maintaining scalable platforms for web applications. Skilled in Docker, Kubernetes, and cloud infrastructure.",Platform Engineer,"Coleman, Fletcher and Brown",flask;google cloud;javascript;oracle;ruby,"West Sherrimouth, Puerto Rico",1.0,,github.com/natashasmith,linkedin.com/in/amber69,,,,BSc
Candidate-0175,"Automation Engineer with expertise in designing and implementing automated test scripts and CI/CD pipelines. Skilled in Python, Selenium, and test automation frameworks.",Automation Engineer,"Ramos, Castillo and Ellis",angular;azure;c#;mongodb;node.js;python;spring,"Morenochester, Saint Martin",6.0,,github.com/santoseric,linkedin.com/in/uhamilton,,,,BSc
Candidate-0176,"Systems Engineer with a focus on designing and optimizing complex systems for performance and scalability. Skilled in Python, Linux, and system architecture.",Systems Engineer,"Prince, Rocha and Fowler",c#;google cloud;mysql;postgresql;python;react,"Carlfort, Belize",6.0,,github.com/myoung,linkedin.com/in/barry74,,,,BSc
Candidate-0177,Build white eight which catch reach. Continue require land huge make body guy. Role such nice challenge score everything. Look hear art case.,Vue Developer,"Franklin, Hodges and Gibson",django;google cloud;java;mysql;oracle;react;spring;vue,"Lake Davidport, Bahrain",5.0,,github.com/amanda33,linkedin.com/in/scottriley,,,,BSc
Candidate-0178,Blockchain Developer with experience in smart contract development and integration of blockchain technologies in decentralized applications.,Blockchain Developer,Lindsey-Wade,aws;c#;java;node.js;postgresql;solidity,"Johnstonview, Saint Barthelemy",6.0,,github.com/jtaylor,linkedin.com/in/ehays,,,,BSc
Candidate-0179,Technical Architect with a focus on designing complex software systems and defining technical requirements. Skilled in cloud architecture and system integration.,Technical Architect,Reed-Spears,c++;google cloud;java;mysql;oracle;python;react,"New Amy, Djibouti",6.0,,github.com/cooperjimmy,linkedin.com/in/michaelchan,,,,BSc
Candidate-0180,Database Administrator skilled in optimizing SQL queries and maintaining database health through regular backups and maintenance.,Database Administrator,Williamson-Warren,aws;c++;mongodb;python;react;redis;ruby;sql,"North Robert, French Polynesia",3.0,,github.com/imoore,linkedin.com/in/brownbrandon,,,,MSc
Candidate-0181,"Flutter Developer specializing in mobile app development and user experience design. Skilled in Dart, Flutter SDK, and cross-platform development.",Flutter Developer,Lee-Gonzalez,aws;dart;django;javascript;mysql;node.js;oracle;ruby,"Sparksside, Spain",5.0,,github.com/williamskathleen,linkedin.com/in/carrollashley,,,,BSc
Candidate-0182,"Quality Assurance Engineer with extensive experience in testing web applications, identifying bugs, and ensuring software quality. Skilled in test automation and bug tracking tools.",Qa Engineer,"Vazquez, Hernandez and Soto",aws;mysql;python;redis;ruby;spring,"Port Omarchester, Macao",4.0,,github.com/gina00,linkedin.com/in/melissa29,,,,MSc
Candidate-0183,"Infrastructure Engineer specializing in cloud infrastructure design and management. Proficient in AWS, Azure, and infrastructure as code tools like Terraform.",Infrastructure Engineer,Guerrero-Velasquez,aws;c++;flask;oracle;react,"North Katelyn, Samoa",4.0,,github.com/toddcobb,linkedin.com/in/yvette61,,,,BSc
Candidate-0184,"Automation Engineer with expertise in designing and implementing automated test scripts and CI/CD pipelines. Skilled in Python, Selenium, and test automation frameworks.",Automation Engineer,"Smith, Ramirez and Martin",google cloud;javascript;oracle;python;react;ruby;vue,"Lake Michelle, Poland",6.0,,github.com/conniesanchez,linkedin.com/in/larsonmark,,,,BSc
Candidate-0185,"Quality Assurance Engineer with extensive experience in testing web applications, identifying bugs, and ensuring software quality. Skilled in test automation and bug tracking tools.",Qa Engineer,"Foster, Jimenez and Beck",angular;aws;java;mongodb;mysql;python;ruby;spring,"Douglasville, Wallis and Futuna",5.0,,github.com/qlynch,linkedin.com/in/howellwillie,,,,MSc
Candidate-0186,Strategic Solutions Architect with experience in large-scale enterprise system design and implementation. Skilled in cloud architecture and complex system integration.,Solutions Architect,Velasquez PLC,angular;aws;c++;django;go;python;redis;ruby,"Curryfort, Trinidad and Tobago",5.0,,github.com/erikrivera,linkedin.com/in/tglover,,,,BSc
Candidate-0187,Magazine president care rise. Themselves really open parent life out. Very attack other lead according himself. Five ground outside management. Control why down system night.,Node.Js Developer,"Jefferson, Singleton and Kennedy",angular;azure;flask;go;javascript;mysql;node.js;oracle;vue,"Victorborough, Aruba",7.0,,github.com/anthony88,linkedin.com/in/justin64,,,,BSc
Candidate-0188,Network Security Engineer with Cisco certifications and experience in various networking technologies.,Network Security Engineer,Stormfur Technologies LLP,,"Mumbai, India",8.0,,,,,,,B.E
Candidate-0189,Technical Architect with a focus on designing complex software systems and defining technical requirements. Skilled in cloud architecture and system integration.,Technical Architect,Rodriguez and Sons,angular;c#;flask;go;google cloud;mongodb;node.js;python,"Lake Peterfurt, Lesotho",7.0,,github.com/murraychristopher,linkedin.com/in/markroberts,,,,BSc
Candidate-0190,Third return man whole central town. Individual economy stock world station. Within much also fish three.,React Developer,Foster Inc,aws;c#;django;go;java;postgresql;react;redis;spring,"South Christopherfurt, Benin",6.0,,github.com/robertobeasley,linkedin.com/in/moniquepeterson,,,,BSc
Candidate-0191,"Quality Assurance Engineer with extensive experience in testing web applications, identifying bugs, and ensuring software quality. Skilled in test automation and bug tracking tools.",Qa Engineer,Bates-Sanders,angular;aws;node.js;postgresql;python;ruby;spring,"South Jennifer, Congo",3.0,,github.com/kylesmith,linkedin.com/in/frazieremily,,,,MSc
Candidate-0192,Time explain just say occur occur figure. Keep perform meeting. Become particularly series culture a full.,Node.Js Developer,"Mcgrath, Ramirez and Munoz",angular;aws;c++;javascript;mongodb;node.js;postgresql;vue,"Smithfurt, Norfolk Island",3.0,,github.com/fclark,linkedin.com/in/michelleaguirre,,,,MSc
Candidate-0193,"Site Reliability Engineer with expertise in maintaining high-availability systems and automating infrastructure. Skilled in Docker, Kubernetes, and cloud services.",Site Reliability Engineer,Hicks-Chavez,c#;flask;google cloud;mongodb;node.js;ruby,"Port Courtneyview, Serbia",3.0,,github.com/josephnielsen,linkedin.com/in/sarahparker,,,,BSc
Candidate-0194,"Information Security Analyst specializing in security assessments, risk management, and compliance. Skilled in cybersecurity tools and incident response.",Information Security Analyst,Welch Ltd,django;go;google cloud;oracle;python;redis;ruby;vue,"South Jameston, Croatia",6.0,,github.com/natasha82,linkedin.com/in/lindabutler,,,,BSc
Candidate-0195,"Cybersecurity Engineer with a strong background in network security, threat detection, and incident response. Skilled in penetration testing and security audits.",Cybersecurity Engineer,Scott-Dawson,angular;c++;go;google cloud;mongodb;python,"Alexfort, Romania",3.0,,github.com/welchjuan,linkedin.com/in/melissaporter,,,,MSc
Candidate-0196,"Site Reliability Engineer with expertise in maintaining high-availability systems and automating infrastructure. Skilled in Docker, Kubernetes, and cloud services.",Site Reliability Engineer,"Thomas, Howard and Welch",c#;google cloud;java;postgresql;react;redis;ruby,"Richardtown, Norway",7.0,,github.com/trichards,linkedin.com/in/onixon,,,,MSc
Candidate-0197,"Automation Engineer with expertise in designing and implementing automated test scripts and CI/CD pipelines. Skilled in Python, Selenium, and test automation frameworks.",Automation Engineer,"Paul, Clark and Frederick",azure;c#;django;java;oracle;python;redis;spring;vue,"Ernestberg, Lebanon",5.0,,github.com/uperry,linkedin.com/in/tbennett,,,,BSc
Candidate-0198,"Creative Mobile Developer specializing in iOS and Android app development. Proficient in Swift, Java, and React Native, with a focus on user-centric design principles.",Mobile Developer,Herrera and Sons,aws;flask;go;java;javascript;node.js;react;redis;ruby,"Johnbury, Guinea-Bissau",5.0,,github.com/davidthomas,linkedin.com/in/paynekaren,,,,BSc
Candidate-0199,"Flutter Developer specializing in mobile app development and user experience design. Skilled in Dart, Flutter SDK, and cross-platform development.",Flutter Developer,"Black, Freeman and Ellis",azure;c#;c++;dart;django;flask;node.js;oracle;ruby,"New Lisaton, Haiti",5.0,,github.com/amandadavis,linkedin.com/in/martinezrobert,,,,BSc
Candidate-0200,NoSQL Developer with experience in managing and scaling NoSQL databases like MongoDB and DynamoDB. Proficient in JavaScript and database optimization.,Nosql Developer,Miller-Carson,django;flask;google cloud;java;javascript;nosql;oracle;python;vue,"Geraldburgh, Pakistan",4.0,,github.com/russellmolly,linkedin.com/in/ilarson,,,,BSc
Candidate-0201,Technical Architect with a focus on designing complex software systems and defining technical requirements. Skilled in cloud architecture and system integration.,Technical Architect,Snyder-Peterson,aws;flask;java;mysql;node.js;postgresql;python;ruby,"Claytonshire, Congo",2.0,,github.com/lawsonsamantha,linkedin.com/in/odowns,,,,BSc
Candidate-0202,Detail-oriented Java Developer specializing in backend systems and microservices architecture. Skilled in Spring Boot and designing robust enterprise solutions.,Java Developer,Hopkins-Guzman,aws;c#;c++;django;flask;java;javascript;mongodb;node.js,"Watsonfort, Congo",4.0,,github.com/parrishaaron,linkedin.com/in/hollyfranklin,,,,BSc
Candidate-0203,"Backend Developer specializing in building scalable and efficient server-side applications. Skilled in Python, Django, and RESTful API design.",Backend Developer,Holden PLC,c++;django;google cloud;oracle;postgresql;python;vue,"Morganhaven, Tonga",6.0,,github.com/johnsonphillip,linkedin.com/in/thomashoward,,,,MSc
Candidate-0204,"AI Engineer with expertise in artificial intelligence, machine learning, and deep learning. Skilled in Python, TensorFlow, and developing AI-powered applications.",Ai Engineer,Vincent-Mendez,angular;go;google cloud;mongodb;node.js;python;redis;vue,"Valdezburgh, Antarctica (the territory South of 60 deg S)",5.0,,github.com/derrickbenitez,linkedin.com/in/kyle42,,,,BSc
Candidate-0205,"Data Engineer with a focus on ETL processes, data pipelines, and data warehousing. Skilled in Python, SQL, and big data technologies like Hadoop and Spark.",Data Engineer,Woods-Hudson,angular;flask;go;google cloud;java;javascript;mysql;oracle;python;vue,"New Jessicastad, Togo",4.0,,github.com/heather18,linkedin.com/in/erinreid,,,,MSc
Candidate-0206,"MLOps Engineer with a strong background in machine learning model deployment, monitoring, and optimization. Skilled in Docker, Kubernetes, and CI/CD pipelines.",Mlops Engineer,Johnson-Fitzgerald,angular;azure;c#;c++;mysql;python,"Ryanmouth, Bermuda",4.0,,github.com/debrahenry,linkedin.com/in/ramosadam,,,,BSc
Candidate-0207,"Innovative Android Developer with a passion for mobile app development and user experience design. Skilled in Java, Kotlin, and Android Studio.",Android Developer,"Morton, Anderson and Kent",c#;go;google cloud;java;javascript;mongodb;node.js;postgresql;spring,"Dixonland, Haiti",4.0,,github.com/mhawkins,linkedin.com/in/john49,,,,MSc
Candidate-0208,"Cybersecurity Engineer with a strong background in network security, threat detection, and incident response. Skilled in penetration testing and security audits.",Cybersecurity Engineer,Andrews PLC,aws;flask;go;mongodb;node.js;postgresql;python;react;ruby,"East Anthony, Burkina Faso",6.0,,github.com/kwarner,linkedin.com/in/mrogers,,,,BSc
Candidate-0209,"Infrastructure Engineer specializing in cloud infrastructure design and management. Proficient in AWS, Azure, and infrastructure as code tools like Terraform.",Infrastructure Engineer,Brown Ltd,angular;aws;mongodb;oracle;python,"East Jessicahaven, Cape Verde",6.0,,github.com/michael89,linkedin.com/in/kylewalton,,,,BSc
Candidate-0210,"Passionate Deep Learning Engineer with expertise in neural network design, training, and optimization. Skilled in TensorFlow, PyTorch, and computer vision.",Deep Learning Engineer,"Montoya, Simon and Johnson",aws;javascript;mongodb;python;react;redis,"Port Brittney, Tonga",3.0,,github.com/zreyes,linkedin.com/in/cheryl07,,,,BSc
Candidate-0211,"Automation Engineer with expertise in designing and implementing automated test scripts and CI/CD pipelines. Skilled in Python, Selenium, and test automation frameworks.",Automation Engineer,"Simmons, Vance and Barnett",angular;c++;google cloud;python;redis,"Stephensfurt, Denmark",4.0,,github.com/mariah56,linkedin.com/in/daniel39,,,,MSc
Candidate-0212,Strategic Solutions Architect with experience in large-scale enterprise system design and implementation. Skilled in cloud architecture and complex system integration.,Solutions Architect,"Welch, Jackson and Adams",aws;c#;django;go;mysql;python;redis,"West Tyler, Swaziland",4.0,,github.com/polson,linkedin.com/in/hannahsullivan,,,,BSc
Candidate-0213,Technical Architect with a focus on designing complex software systems and defining technical requirements. Skilled in cloud architecture and system integration.,Technical Architect,Brooks LLC,aws;go;mysql;python;spring,"East Richard, El Salvador",4.0,,github.com/uthompson,linkedin.com/in/james99,,,,BSc
Candidate-0214,Training special consider peace according size view. Serious small final list why college. Color produce note assume.,Machine Learning Engineer,"Rosales, Lopez and Hicks",google cloud;java;mongodb;oracle;python;vue,"Leeborough, Wallis and Futuna",6.0,,github.com/michelle60,linkedin.com/in/suzanne77,,,,MSc
Candidate-0215,"Full-Stack Developer proficient in both front-end and back-end development. Skilled in React and Django, creating complete web applications.",Full Stack Developer,Crawford and Sons,angular;azure;javascript;mysql;python;react,"South Chelseybury, Mayotte",5.0,,github.com/tracylewis,linkedin.com/in/cynthiabailey,,,,BSc
Candidate-0216,NoSQL Developer with experience in managing and scaling NoSQL databases like MongoDB and DynamoDB. Proficient in JavaScript and database optimization.,Nosql Developer,Hodge-Robinson,azure;c#;c++;flask;javascript;mysql;nosql;redis,"East Jasonview, Ecuador",2.0,,github.com/kpope,linkedin.com/in/kharris,,,,BSc
Candidate-0217,"Creative iOS Developer with a focus on building elegant and user-friendly applications for Apple devices. Proficient in Swift, Xcode, and iOS SDK.",Ios Developer,"Wilson, Davis and Ward",azure;java;mysql;oracle;swift;vue,"West Jasmineton, Congo",5.0,,github.com/stevenvasquez,linkedin.com/in/aliciaunderwood,,,,BSc
Candidate-0218,"Cloud Engineer with expertise in AWS cloud services, including EC2, S3, Lambda, and VPCs. Proficient in designing and deploying scalable applications in the cloud.",Cloud Engineer,Shelton-Callahan,aws;azure;go;oracle;postgresql;python;vue,"Nicholeshire, Hong Kong",7.0,,github.com/david29,linkedin.com/in/ulara,,,,MSc
Candidate-0219,Feeling successful civil specific top rest north. Last Mrs though would pick. President Democrat thousand head final decision.,Vue Developer,Cruz Ltd,aws;c#;c++;django;java;node.js;oracle;react;vue,"Lake Jennifer, Zambia",6.0,,github.com/melanie31,linkedin.com/in/davidsmith,,,,BSc
Candidate-0220,"Penetration Tester with experience in ethical hacking, vulnerability assessments, and security audits. Skilled in network security and penetration testing tools.",Penetration Tester,"Mcclure, King and Lyons",azure;go;java;node.js;oracle;python,"Port Brian, French Southern Territories",6.0,,github.com/brittanybrown,linkedin.com/in/pacejohn,,,,BSc
Candidate-0221,Region draw run smile financial. Recent me music.,Vue Developer,Tran and Sons,django;google cloud;java;javascript;node.js;oracle;redis;ruby;vue,"East Joseph, Zimbabwe",5.0,,github.com/nancycardenas,linkedin.com/in/wiseandrea,,,,MSc
Candidate-0222,Detail-oriented Java Developer specializing in backend systems and microservices architecture. Skilled in Spring Boot and designing robust enterprise solutions.,Java Developer,Nelson Ltd,aws;java;node.js;oracle;python;vue,"Port Michealborough, Mauritania",1.0,,github.com/greenmelissa,linkedin.com/in/hernandezjason,,,,BSc
Candidate-0223,"Backend Developer specializing in building scalable and efficient server-side applications. Skilled in Python, Django, and RESTful API design.",Backend Developer,"Cobb, Bennett and Lawrence",django;google cloud;java;javascript;mysql;node.js;postgresql;python;ruby;spring,"North Mckenziemouth, Sri Lanka",5.0,,github.com/mary79,linkedin.com/in/john05,,,,MSc
Candidate-0224,"Cybersecurity Engineer with a strong background in network security, threat detection, and incident response. Skilled in penetration testing and security audits.",Cybersecurity Engineer,"Gibson, Johnson and Wilson",go;google cloud;javascript;node.js;postgresql;python;redis,"Frankfort, Micronesia",7.0,,github.com/jacksonjustin,linkedin.com/in/ejensen,,,,BSc
Candidate-0225,"Results-driven DevOps Engineer with proven expertise in cloud infrastructure, automation, and continuous integration. Skilled in AWS, Docker, and Kubernetes.",Devops Engineer,Williams LLC,angular;aws;go;javascript;mongodb;ruby;vue,"Watsonfurt, Romania",6.0,,github.com/jamesmiles,linkedin.com/in/scottrebecca,,,,MSc
Candidate-0226,Begin gun phone clearly be American. Method force production agency from admit. Poor family page chair message about. Natural mouth food responsibility watch road light. Fact control three animal lose throw half.,Machine Learning Engineer,Barrett-Porter,c++;flask;google cloud;java;mysql;node.js;python,"Richardsfurt, Bulgaria",6.0,,github.com/rgreen,linkedin.com/in/zyoung,,,,MSc
Candidate-0227,"Dedicated Security Engineer with a strong background in cybersecurity, risk assessment, and incident response. Skilled in penetration testing and security audits.",Security Engineer,Sweeney LLC,aws;c++;go;node.js;oracle;python;redis;ruby,"North Jessicamouth, Western Sahara",6.0,,github.com/reyeskatelyn,linkedin.com/in/travisbruce,,,,BSc
Candidate-0228,"Experienced Python Developer with a strong background in building scalable web applications and data pipelines. Proficient in Django, Flask, and RESTful API design.",Python Developer,Oneal-Delacruz,flask;google cloud;java;javascript;python;react;redis,"Calvinmouth, Montenegro",4.0,,github.com/sswanson,linkedin.com/in/carolparks,,,,MSc
Candidate-0229,"Kubernetes Engineer with experience in container orchestration and managing Kubernetes clusters. Skilled in Docker, Kubernetes, and cloud services.",Kubernetes Engineer,"Fuentes, Wright and Perez",aws;c#;mongodb;node.js,"East Amandaland, Pakistan",6.0,,github.com/hhill,linkedin.com/in/joshuaturner,,,,BSc
Candidate-0230,"Information Security Analyst specializing in security assessments, risk management, and compliance. Skilled in cybersecurity tools and incident response.",Information Security Analyst,Morris PLC,azure;flask;go;mysql;postgresql;python;ruby;spring,"Port John, Malawi",2.0,,github.com/mckenziediaz,linkedin.com/in/bradleyjustin,,,,MSc
Candidate-0231,Database Administrator skilled in optimizing SQL queries and maintaining database health through regular backups and maintenance.,Database Administrator,Johnson Ltd,flask;go;google cloud;java;mysql;oracle;python;react;sql,"South Connieburgh, Palestinian Territory",6.0,,github.com/christiangraham,linkedin.com/in/brookssean,,,,MSc
Candidate-0232,He interest all plant system. Too hundred find view not. Entire trade front but foot defense.,Frontend Developer,Sullivan Group,angular;aws;javascript;oracle;python;react;ruby;spring;vue,"North Nathan, Falkland Islands (Malvinas)",5.0,,github.com/thomasdustin,linkedin.com/in/brianna07,,,,MSc
Candidate-0233,"Backend Developer specializing in building scalable and efficient server-side applications. Skilled in Python, Django, and RESTful API design.",Backend Developer,Cole-Davis,go;google cloud;java;javascript;mongodb;python;react;spring,"Sabrinaport, Martinique",2.0,,github.com/tammychambers,linkedin.com/in/xdonovan,,,,MSc
Candidate-0234,"Site Reliability Engineer with expertise in maintaining high-availability systems and automating infrastructure. Skilled in Docker, Kubernetes, and cloud services.",Site Reliability Engineer,Copeland-Brown,c++;django;google cloud;java;javascript;mongodb;node.js;postgresql,"North Dennis, Cook Islands",1.0,,github.com/hendrickscody,linkedin.com/in/kimberly03,,,,MSc
Candidate-0235,"Backend Developer specializing in building scalable and efficient server-side applications. Skilled in Python, Django, and RESTful API design.",Backend Developer,"Maxwell, Bennett and Lopez",django;google cloud;java;javascript;python;redis,"Burnsberg, United States of America",3.0,,github.com/alexandrawest,linkedin.com/in/amy08,,,,MSc
Candidate-0236,"Infrastructure Engineer specializing in cloud infrastructure design and management. Proficient in AWS, Azure, and infrastructure as code tools like Terraform.",Infrastructure Engineer,Kelly-Sanders,aws;c++;django;go;node.js;postgresql;redis;ruby,"Port Kimberly, Taiwan",6.0,,github.com/keith74,linkedin.com/in/marshalljoseph,,,,MSc
Candidate-0237,,Python RESTful API developer,KPIT Technologies,django;flask;java;mongodb;mysql;pivotal cloud foundry;postgresql;python,"Pune, India",15.0,,,,,,,MSc
Candidate-0238,DevOps Engineer with software proficiency in various languages and tools.,DevOps Engineer,Parkar Consulting and Labs,aws;c;css;hibernate;html;java;javaee;javascript;jquery;mysql;pl/sql;python;spring;sql,"Pune, India",,,,,,,,B.E.
Candidate-0239,"React Native Developer specializing in cross-platform mobile app development. Proficient in React, JavaScript, and building high-performance mobile applications.",React Native Developer,"Scott, Jones and Robinson",azure;flask;node.js;oracle;react;react native;ruby,"Port Wesleyton, Guinea",3.0,,github.com/genelopez,linkedin.com/in/sgonzales,,,,BSc
Candidate-0240,"Creative Mobile Developer specializing in iOS and Android app development. Proficient in Swift, Java, and React Native, with a focus on user-centric design principles.",Mobile Developer,Torres-Rodgers,angular;flask;go;google cloud;javascript;oracle;redis;vue,"South Dylanview, Guinea-Bissau",3.0,,github.com/fcooley,linkedin.com/in/amartin,,,,MSc
Candidate-0241,"Passionate Deep Learning Engineer with expertise in neural network design, training, and optimization. Skilled in TensorFlow, PyTorch, and computer vision.",Deep Learning Engineer,Cook-Boyd,google cloud;java;mongodb;mysql;node.js;python;react;spring,"East Waltermouth, Azerbaijan",4.0,,github.com/rhondachristensen,linkedin.com/in/mcguiredenise,,,,BSc
Candidate-0242,Heavy suffer statement nearly figure high most. Sell bank question yet remember fine answer. Under statement window teach fund important.,React Developer,"Adams, Dunn and Brown",google cloud;node.js;oracle;python;react;spring,"East Frank, Lao People's Democratic Republic",6.0,,github.com/howen,linkedin.com/in/stantonmegan,,,,MSc
Candidate-0243,Technical Architect with a focus on designing complex software systems and defining technical requirements. Skilled in cloud architecture and system integration.,Technical Architect,Wade-Fields,angular;aws;flask;mongodb;mysql;python;ruby,"Curryberg, Malaysia",5.0,,github.com/melissa66,linkedin.com/in/larsonjanet,,,,MSc
Candidate-0244,Into owner similar provide plan movie student per. Occur south country statement student really likely page. It fine miss employee including explain. Light anyone then simply me he network great. Perform song explain local long.,Frontend Developer,Green Inc,c#;flask;google cloud;javascript;oracle;react;spring,"Kleinhaven, Portugal",2.0,,github.com/alisonwhite,linkedin.com/in/michael35,,,,MSc
Candidate-0245,"Penetration Tester with experience in ethical hacking, vulnerability assessments, and security audits. Skilled in network security and penetration testing tools.",Penetration Tester,Pugh LLC,aws;c#;flask;mongodb;node.js;python;redis;spring,"Haleychester, Korea",5.0,,github.com/ygarner,linkedin.com/in/howardsavannah,,,,BSc
Candidate-0246,Laugh last politics assume hundred late. Energy quite adult learn. Office senior wonder fly somebody fish.,Database Engineer,Sanford-Ford,angular;aws;c#;c++;mysql;ruby;sql,"West Daniel, Tonga",4.0,,github.com/enielsen,linkedin.com/in/singletonlori,,,,MSc
Candidate-0247,"Systems Engineer with a focus on designing and optimizing complex systems for performance and scalability. Skilled in Python, Linux, and system architecture.",Systems Engineer,Hicks and Sons,aws;django;java;mysql;python;react;ruby,"East Amy, Burundi",3.0,,github.com/barrydavis,linkedin.com/in/kstevens,,,,BSc
Candidate-0248,"Information Security Analyst specializing in security assessments, risk management, and compliance. Skilled in cybersecurity tools and incident response.",Information Security Analyst,"Ortiz, Patterson and Hampton",azure;javascript;mysql;postgresql;python;react,"Ashleymouth, Mauritania",5.0,,github.com/tara07,linkedin.com/in/shannon97,,,,BSc
Candidate-0249,"Flutter Developer specializing in mobile app development and user experience design. Skilled in Dart, Flutter SDK, and cross-platform development.",Flutter Developer,Martinez-Lam,dart;go;google cloud;mongodb;node.js;redis,"North Angelatown, Austria",5.0,,github.com/ashley57,linkedin.com/in/joneslori,,,,MSc
Candidate-0250,"Kubernetes Engineer with experience in container orchestration and managing Kubernetes clusters. Skilled in Docker, Kubernetes, and cloud services.",Kubernetes Engineer,Harris-Morris,angular;aws;go;javascript;mysql;postgresql;ruby;spring;vue,"Zacharybury, Libyan Arab Jamahiriya",4.0,,github.com/burnsjeremy,linkedin.com/in/ynelson,,,,MSc
Candidate-0251,"Analytical Data Scientist with a passion for machine learning, statistical analysis, and data-driven decision making. Experienced with Python, R, and modern data visualization tools.",Data Scientist,"Keller, Kemp and Waller",angular;c#;django;go;google cloud;java;mongodb;python;react;redis,"New James, Pakistan",4.0,,github.com/justin99,linkedin.com/in/jeffreycohen,,,,MSc
Candidate-0252,"Backend Developer specializing in building scalable and efficient server-side applications. Skilled in Python, Django, and RESTful API design.",Backend Developer,Walker-Sandoval,azure;c++;java;oracle;python;react,"East Emilymouth, Isle of Man",5.0,,github.com/phillipslauren,linkedin.com/in/selena14,,,,MSc
Candidate-0253,"Kubernetes Engineer with experience in container orchestration and managing Kubernetes clusters. Skilled in Docker, Kubernetes, and cloud services.",Kubernetes Engineer,"Nguyen, Singh and Wright",aws;c++;flask;java;postgresql;python;react;redis;spring,"Mathewchester, Niger",2.0,,github.com/alyssamckinney,linkedin.com/in/glewis,,,,MSc
Candidate-0254,Embedded Systems Engineer with experience in designing and developing embedded solutions for IoT devices and microcontrollers.,Embedded Systems Engineer,"Acosta, Cook and Mueller",angular;azure;c;c++;flask;redis;ruby,"West Michael, United Kingdom",3.0,,github.com/rosalessteven,linkedin.com/in/bakermichael,,,,BSc
Candidate-0255,Bit other else early easy another performance. Sea without myself culture who can. Movie support name majority form. Produce senior inside free treatment military picture trip.,React Developer,Jimenez-Owen,aws;java;python;react;redis;ruby;vue,"Benjaminfurt, American Samoa",4.0,,github.com/hallsarah,linkedin.com/in/qrose,,,,MSc
Candidate-0256,"Innovative Android Developer with a passion for mobile app development and user experience design. Skilled in Java, Kotlin, and Android Studio.",Android Developer,Gutierrez Inc,google cloud;java;postgresql;react;redis;ruby;vue,"North Jasonport, Chad",4.0,,github.com/reginaldwilliams,linkedin.com/in/sherri35,,,,MSc
Candidate-0257,"Experienced Java Developer with expertise in JSP, Servlets, Spring, Hibernate, and front-end technologies like HTML, CSS, JavaScript, and jQuery. Proficient in MySQL and development tools such as Eclipse and NetBeans.",Java Developer,Kunal IT Services Pvt Ltd,hibernate;java;mysql;spring,"Amravati, India",11.0,,,,,,,High School
Candidate-0258,"React Native Developer specializing in cross-platform mobile app development. Proficient in React, JavaScript, and building high-performance mobile applications.",React Native Developer,"Gallagher, Cortez and Rowland",azure;django;javascript;mongodb;react native;redis;spring;vue,"Port Kimberlyville, Indonesia",5.0,,github.com/faguilar,linkedin.com/in/pinedamelissa,,,,BSc
Candidate-0259,"SQL Developer specializing in writing optimized SQL queries and database management. Skilled in database design, normalization, and performance tuning.",Sql Developer,"Bush, Leach and Mcbride",angular;azure;c#;javascript;redis;ruby;sql,"Espinozafort, Tajikistan",4.0,,github.com/megan01,linkedin.com/in/evansrichard,,,,MSc
Candidate-0260,Database Administrator skilled in optimizing SQL queries and maintaining database health through regular backups and maintenance.,Database Administrator,Fowler-Johnson,aws;redis;ruby;sql;vue,"Kramerstad, Isle of Man",4.0,,github.com/rowejonathon,linkedin.com/in/sarahlewis,,,,BSc
Candidate-0261,"Cloud Engineer with expertise in AWS cloud services, including EC2, S3, Lambda, and VPCs. Proficient in designing and deploying scalable applications in the cloud.",Cloud Engineer,"Pennington, Kennedy and Macias",aws;c++;flask;mongodb,"South Rogerside, Thailand",2.0,,github.com/dhenry,linkedin.com/in/thomas02,,,,MSc
Candidate-0262,Python Developer/analyst,Python Developer/analyst,Ace The Power of 5,django;html;mysql;python,"Mumbai, India",,,,,,,,B.E.
Candidate-0263,"Computer Vision Engineer specializing in image processing, object detection, and video analytics. Experienced in OpenCV, TensorFlow, and deep learning models.",Computer Vision Engineer,"Crawford, Stephenson and Hart",c#;go;google cloud;mysql;python;spring,"New Megan, Lao People's Democratic Republic",5.0,,github.com/hward,linkedin.com/in/becky67,,,,BSc
Candidate-0264,"Flutter Developer specializing in mobile app development and user experience design. Skilled in Dart, Flutter SDK, and cross-platform development.",Flutter Developer,Rodriguez-Diaz,dart;django;flask;google cloud;mongodb;ruby;spring,"New Alison, Faroe Islands",3.0,,github.com/ileonard,linkedin.com/in/ysharp,,,,MSc
Candidate-0265,Quite draw network reduce police issue. Deal book consumer get performance. Another movie situation air dinner art.,Node.Js Developer,Medina-Ferguson,aws;c++;django;java;javascript;mongodb;node.js;python;react;redis;vue,"West Ryanmouth, Christmas Island",4.0,,github.com/rmcmahon,linkedin.com/in/shawncraig,,,,BSc
Candidate-0266,"Platform Engineer with expertise in designing and maintaining scalable platforms for web applications. Skilled in Docker, Kubernetes, and cloud infrastructure.",Platform Engineer,"Williams, Lutz and Williams",c#;django;google cloud;mongodb;oracle;ruby,"Sheaton, Czech Republic",5.0,,github.com/buchananpatrick,linkedin.com/in/hjones,,,,BSc
Candidate-0267,Database Administrator skilled in optimizing SQL queries and maintaining database health through regular backups and maintenance.,Database Administrator,Munoz-Thornton,angular;aws;java;mongodb;sql,"Anthonyberg, Saint Vincent and the Grenadines",4.0,,github.com/pmorris,linkedin.com/in/bgill,,,,MSc
Candidate-0268,Guess response answer. Term hundred region trade. Little travel far majority sometimes. Less challenge mouth consumer dream particular.,Angular Developer,Evans Group,angular;azure;c#;django;flask;mongodb;python;react,"West Ryanberg, North Macedonia",6.0,,github.com/kristen88,linkedin.com/in/smartin,,,,BSc
Candidate-0269,Technical Architect with a focus on designing complex software systems and defining technical requirements. Skilled in cloud architecture and system integration.,Technical Architect,"Peterson, Lozano and Walsh",aws;flask;javascript;postgresql;python,"Nicolestad, Norfolk Island",4.0,,github.com/holtchristopher,linkedin.com/in/henry36,,,,MSc
Candidate-0270,Network expect difference deal. Cultural despite meeting business ready remember. Quickly worker at determine. Best Congress line defense you media three.,Angular Developer,Rodriguez-Duran,angular;go;google cloud;javascript;mongodb;ruby;spring,"Porterstad, Isle of Man",3.0,,github.com/joseph11,linkedin.com/in/christine64,,,,MSc
Candidate-0271,Into view Mr. Spring beyond chance. Unit may tree appear leader. Government program goal time picture really report. Raise whether dark turn community.,Frontend Developer,"Wyatt, Gilbert and Joseph",aws;c++;flask;javascript;postgresql;react;redis;spring,"Glennberg, Antarctica (the territory South of 60 deg S)",4.0,,github.com/charles28,linkedin.com/in/aoliver,,,,MSc
Candidate-0272,"Data Engineer with a focus on ETL processes, data pipelines, and data warehousing. Skilled in Python, SQL, and big data technologies like Hadoop and Spark.",Data Engineer,Lara-Moore,azure;django;go;java;oracle;python,"East Michael, Myanmar",6.0,,github.com/dgibson,linkedin.com/in/ybell,,,,BSc
Candidate-0273,"Creative Web Developer with a passion for building responsive and user-friendly web applications. Proficient in HTML, CSS, JavaScript, and front-end frameworks like React.",Web Developer,Parker-Woodward,angular;django;go;google cloud;javascript;node.js;oracle;postgresql,"Lake Geoffreystad, Cote d'Ivoire",5.0,,github.com/michelle26,linkedin.com/in/whill,,,,BSc
Candidate-0274,"Dedicated Security Engineer with a strong background in cybersecurity, risk assessment, and incident response. Skilled in penetration testing and security audits.",Security Engineer,"Robertson, Hampton and Smith",angular;azure;java;node.js;python;redis;ruby;vue,"Pollardmouth, El Salvador",5.0,,github.com/vmiller,linkedin.com/in/jgrant,,,,MSc
Candidate-0275,"Creative Mobile Developer specializing in iOS and Android app development. Proficient in Swift, Java, and React Native, with a focus on user-centric design principles.",Mobile Developer,Jordan-Dillon,azure;flask;go;java;javascript;oracle;postgresql;spring;vue,"Vazquezton, Papua New Guinea",6.0,,github.com/justin34,linkedin.com/in/john65,,,,BSc
Candidate-0276,"Creative Web Developer with a passion for building responsive and user-friendly web applications. Proficient in HTML, CSS, JavaScript, and front-end frameworks like React.",Web Developer,"Hicks, Reynolds and Moore",azure;go;javascript;mongodb;redis;vue,"East Chad, United States of America",6.0,,github.com/katrina07,linkedin.com/in/kelsey94,,,,BSc
Candidate-0277,Detail-oriented Java Developer specializing in backend systems and microservices architecture. Skilled in Spring Boot and designing robust enterprise solutions.,Java Developer,Martin-Stewart,c#;c++;google cloud;java;javascript;node.js;oracle;react;redis;vue,"Melanieton, Moldova",3.0,,github.com/fhunter,linkedin.com/in/sydneycole,,,,BSc
Candidate-0278,American at name. Factor good summer guess issue. End leave man study reality well. Feel entire they performance radio page learn our.,Vue Developer,Lewis-Wright,angular;aws;django;go;java;mongodb;mysql;spring;vue,"Michelemouth, Saint Helena",4.0,,github.com/alexandra94,linkedin.com/in/eugene66,,,,BSc
Candidate-0279,NoSQL Developer with experience in managing and scaling NoSQL databases like MongoDB and DynamoDB. Proficient in JavaScript and database optimization.,Nosql Developer,Dixon-Marshall,aws;c++;go;mysql;nosql;oracle;python;react;spring,"Jaredberg, Austria",4.0,,github.com/walkerdavid,linkedin.com/in/andrea50,,,,BSc
Candidate-0280,Body development scene strong series threat. Another total car nice. Talk left let picture describe evening risk painting.,Software Engineer,"Williams, Lopez and Phillips",angular;aws;c++;django;go;python;redis;ruby;vue,"Maryton, Antarctica (the territory South of 60 deg S)",4.0,,github.com/garciatodd,linkedin.com/in/laurie46,,,,MSc
Candidate-0281,NoSQL Developer with experience in managing and scaling NoSQL databases like MongoDB and DynamoDB. Proficient in JavaScript and database optimization.,Nosql Developer,Page Ltd,c++;django;google cloud;javascript;mongodb;nosql,"Port Diana, Singapore",5.0,,github.com/cdominguez,linkedin.com/in/christina05,,,,BSc
Candidate-0282,"Analytical Data Scientist with a passion for machine learning, statistical analysis, and data-driven decision making. Experienced with Python, R, and modern data visualization tools.",Data Scientist,Williams-Heath,angular;c++;go;google cloud;mysql;oracle;python;spring,"West Leviton, Estonia",6.0,,github.com/jesse27,linkedin.com/in/ramosmark,,,,MSc
Candidate-0283,"React Native Developer specializing in cross-platform mobile app development. Proficient in React, JavaScript, and building high-performance mobile applications.",React Native Developer,"Ramsey, Huerta and Garcia",google cloud;mysql;node.js;react native;ruby;spring,"Lake Theresa, Faroe Islands",6.0,,github.com/gcaldwell,linkedin.com/in/anita39,,,,MSc
Candidate-0284,"Creative Web Developer with a passion for building responsive and user-friendly web applications. Proficient in HTML, CSS, JavaScript, and front-end frameworks like React.",Web Developer,Johnson-Collier,azure;c#;java;javascript;node.js;oracle;postgresql;react;ruby;vue,"Mooneyfurt, Finland",6.0,,github.com/susan91,linkedin.com/in/steventucker,,,,MSc
Candidate-0285,"Java Developer with experience in various technologies such as Spring MVC, Hibernate, JDBC, Java, J2EE, AzureWeb SunTechnologies Services, JSP, Struts, Servlet, RestApi, JavaScript, AJAX, HTML, JSON, PHP, MsSQL, MySQL, Oracle, ApacheTomcatServer, OnesignalWebPushNotifications, AzurewebServices, IONIC, HTML, JSON, WindowsServer2012R2, WinXP/7/8.1/10, Linux, Mac OS.",Java Developer,Replete business solutions pvt ltd,azureweb suntechnologies services;azurewebservices;hibernate;java;javascript;jdbc;mssql;mysql;oracle;php;spring mvc,"Nashik, India",,,,,,,,BE
Candidate-0286,"Kubernetes Engineer with experience in container orchestration and managing Kubernetes clusters. Skilled in Docker, Kubernetes, and cloud services.",Kubernetes Engineer,Christian Ltd,angular;azure;c++;flask;java;python;redis,"West Blake, Monaco",,,github.com/maxwellcharles,linkedin.com/in/garygriffin,,,,MSc
Candidate-0287,Innovative JavaScript Developer with extensive experience in front-end frameworks and building interactive user interfaces using React and Angular.,Javascript Developer,Gonzales Ltd,c++;google cloud;javascript;mongodb;node.js;python;ruby,"Hamptonshire, Sierra Leone",6.0,,github.com/sara13,linkedin.com/in/brian29,,,,MSc
Candidate-0288,Detail-oriented Java Developer specializing in backend systems and microservices architecture. Skilled in Spring Boot and designing robust enterprise solutions.,Java Developer,Ross PLC,angular;aws;java;postgresql;python;redis;vue,"Millsport, Jersey",5.0,,github.com/jessica63,linkedin.com/in/craigcraig,,,,BSc
Candidate-0289,"Analytical Data Scientist with a passion for machine learning, statistical analysis, and data-driven decision making. Experienced with Python, R, and modern data visualization tools.",Data Scientist,Smith-Harris,aws;go;postgresql;python;react,"New Toddmouth, Zambia",3.0,,github.com/patrickwilliams,linkedin.com/in/clarence25,,,,MSc
Candidate-0290,,Python Developer,Atos Syntel,django;html5;mysql;python;rest api,"Pune, India",,,,,,,,Bachelor of Engineering
Candidate-0291,"SQL Developer specializing in writing optimized SQL queries and database management. Skilled in database design, normalization, and performance tuning.",Sql Developer,"Mckee, Hart and Peters",angular;django;flask;google cloud;javascript;mongodb;postgresql;sql,"Lake Shaun, Bahrain",2.0,,github.com/harringtonsarah,linkedin.com/in/jdunn,,,,BSc
Candidate-0292,"Creative Web Developer with a passion for building responsive and user-friendly web applications. Proficient in HTML, CSS, JavaScript, and front-end frameworks like React.",Web Developer,"Haynes, Page and Lane",angular;aws;c#;flask;java;javascript;mysql;vue,"Port Samanthahaven, Congo",6.0,,github.com/candacesmall,linkedin.com/in/dwalker,,,,BSc
Candidate-0293,Before health move the who strong realize. Together sister individual.,Database Engineer,"Thomas, Tran and Jones",aws;c#;c++;mongodb;oracle;python;sql;vue,"Thompsonmouth, Somalia",6.0,,github.com/matthewmiles,linkedin.com/in/xbriggs,,,,MSc
Candidate-0294,"Quality Assurance Engineer with extensive experience in testing web applications, identifying bugs, and ensuring software quality. Skilled in test automation and bug tracking tools.",Qa Engineer,Clark and Sons,aws;django;go;mysql;node.js;python;vue,"East Thomas, Venezuela",4.0,,github.com/jonathansmith,linkedin.com/in/jesse62,,,,BSc
Candidate-0295,"Analytical Data Scientist with a passion for machine learning, statistical analysis, and data-driven decision making. Experienced with Python, R, and modern data visualization tools.",Data Scientist,Yates Group,aws;c#;c++;mysql;postgresql;python;vue,"East Jessica, Uzbekistan",5.0,,github.com/garciavirginia,linkedin.com/in/joshuarobinson,,,,BSc
Candidate-0296,"Cloud Engineer with expertise in AWS cloud services, including EC2, S3, Lambda, and VPCs. Proficient in designing and deploying scalable applications in the cloud.",Cloud Engineer,King-Boone,angular;aws;c#;go;mongodb;node.js;redis;vue,"Bennettland, Monaco",3.0,,github.com/mcdonaldrose,linkedin.com/in/stricklandcharlene,,,,MSc
Candidate-0297,DevOps Engineer with experience in various programming languages and software tools.,DevOps Engineer,Parkar Consulting and Labs,aws;c;css;hibernate;html;java;javaee;javascript;jquery;mysql;pl/sql;python;spring;sql,"Pune, India",,,,,,,,B.E.
Candidate-0298,"Experienced Python Developer with a strong background in building scalable web applications and data pipelines. Proficient in Django, Flask, and RESTful API design.",Python Developer,Zavala LLC,c++;django;google cloud;mongodb;python,"Billyfort, Cameroon",6.0,,github.com/marywilkinson,linkedin.com/in/wtaylor,,,,MSc
Candidate-0299,Nice represent physical room. Others character condition if house back. Produce right southern himself create.,Frontend Developer,Olsen-Weeks,azure;c++;django;javascript;mysql;python;react;vue,"Fryeburgh, Ghana",4.0,,github.com/amberrobinson,linkedin.com/in/alejandroholmes,,,,MSc
Candidate-0300,Say benefit since. Arm hundred work personal. Morning end relationship mean he. Expect outside there care.,Frontend Developer,"Alvarez, Ware and Jordan",angular;aws;c#;flask;javascript;oracle;python;react,"North Danielleview, Qatar",1.0,,github.com/kmann,linkedin.com/in/perezmarco,,,,BSc
